6577,非常好的购物体验，发货速度快，包装完好。手机质量没的说，电池明显耐用，充电速度快，运行丝滑，拍照功能很好，特别是夜景拍摄，比以前的机子好多了。
6578,到手快2天了，摄影功能强大，拍照图像清晰，Oriainos5系统好用，运行顺滑。原装充电器充电快速。国产屏幕进步很大，阳光下看得清楚，暗光环境也较适应。整体眼睛容易适应。
6579,vivo手机颜值质感双在线，机身轻薄手感超棒，运行流畅不卡顿，拍照清晰色彩正，续航持久快充给力，系统好用细节拉满，日常追剧办公都适配，性价比超高，入手不亏！
6580,新手机确实非常丝滑，拍照效果很不错，打游戏也非常流畅，体验感拉满，非常满意。年货节的价格也非常合适。好评！
6581,屏幕色彩饱和度很好 拍照确实不错 尤其人像 家里有小孩儿拍照很适合 系统流畅 就是比较沉 不过现在手机都差不多这么沉 慢慢适应吧
6582,这款手机已经盯了很久了，一直觉得年前能有活动，这次赶上国补真是太高兴了，赶紧下单，手机真的是很惊艳，拍摄效果没的说，绝对NO.1
6583,用了快一周，这拍照真的给我整服了！暗光环境下拍夜景色彩特别准，长焦拍远处的楼连窗户格子都清清楚楚，日常刷视频、玩游戏也丝滑不发烫，电池还抗造，一天一充完全够用，国产机现在真的牛！
6584,收到。一直在学习如何使用。试着拍摄各种场景的照片。出片清晰，色彩漂亮，夜景优秀，可以照月亮啦！哈哈哈哈&hellip;&hellip;好评！
6585,x200u降价到4868拿下，拍照和续航都非常好，红色非常好看现在没有货了，已经清库存了，京东物流非常快，很满意！
6586,机器很有质感，做工精细，超出预期 拍照效果逆天，不愧手机影响之王 运行速度飞快，不发烫，不卡顿，纵享丝滑
6587,这个手机可能是唯一超广镜头传感器尺寸&gt;=1/1.4英寸的，也就是说唯一标准、长焦、超广镜头的传感器都是大尺寸的手机。硬件的水平是保证摄影质量的基础。 至于手机的其它功能，可能各品牌都差不多吧
6588,外形外观：非常炫酷，主要看个人，我就是挺喜欢这个大镜头，我媳妇就觉得太夸张 拍照效果：这个没的说，这么大尺寸不是白弄的 运行速度：满意 待机时间：这个可以，比我之前的x60pro+好多了
6589,使用挺流畅，系统还可以的，摄像头三个镜头都是大底，好评，考虑到镜头大小规模，估计以后应该也不会有大很多的三大底的三镜头了吧。
6590,老爸买的手机，老爸在使用手机上的诉求是嗯运行速度快，嗯，拍照好看，能够记录生活，的这款手机正好契合了18 的需求，同时手机比较轻便好拿嗯老人使用起来很好，最关键的是从旧手机到新手机的手机换机非常的方便，这也极大的帮助了老年人自己换手机，很满意的一次购物
6591,手机很棒 拍照效果一流 配上专业摄像手柄拍摄很舒适 系统也很流畅 还赠送了一年的碎屏险 觉得真的是很超值的
6592,2亿像素 就是个单反 看演唱会无敌 坐山顶也看的清清楚楚 国产旗舰机的性能太强大了 哈哈
6593,刚发布的时候就挺喜欢这款手机，橙子系统很流畅，各种优化适配都不错，之前就用过nex，比之前的进步的确很大。屏幕尤其护眼效果很好，至于强项拍照就不多说了绝对的棒！叠加国补京东优惠券后不到六千的价格划算多了。
6594,就是看中x200ultra的拍照的，虽然手机拍照画质还不能跟相机比，但是随手就能拍，这款还是原生还35mm，又可以到处走走拍了。算法虚化效果目前觉得挺赞的。
6595,这款手机质感不错，拿在手里很舒服。系统流畅，屏幕很好，显示效果非常棒。最大的亮点是拍照，夜景和远景尤其好。
6596,手机拍照特别好看，很清晰，而且很流畅，一直都是vivo的手机，这次入手这款确实不一样，很有质感，不愧是旗舰款的手机，很值得购买体验的
6597,手机非常好，买手机也要看时机。价格相差不少。这款手机比较全能，是目前拍照领域最好的手机之一。外观大气上档次。比某些好，个人意见，仅供参考。
6598,外形外观：质感很高级，非常讨喜 拍照效果：非常好，但是在压高光时会把周围拍暗 运行速度：刚买来肯定特别好 理想手机
6599,在网上看了宁思潇潇老师的评测，这款vivox200u可以说是拍照第一梯队的存在，趁着新款上市老款降价，5599拿下16+512版本，性价比还是很高的。实际用起来，拍照确实牛逼。充电飞快，电池禁用。系统流畅。好评。真心觉得这次购物太棒了，商品性价比超高，质量可靠。物流高效，商家服务贴心，售后让人满意。
6600,拍照效果超出了预期，还自带强大的修图功能，买了最大的存储，外出游玩不用带数码相机了。
6601,刚到手三天，还不错，小一百米拍的，不打游戏，全程持续刷抖音微信，满电到关机能有九个多小时，
6602,外形外观：非常炫酷，主要看个人，我就是挺喜欢这个大镜头，我媳妇就觉得太夸张 拍照效果：这个没的说，这么大尺寸不是白弄的 运行速度：满意 待机时间：这个可以，比我之前的x60pro+好多了
6603,这款手机在拍照方面真的做到了极致👍 简洁的拍照界面，让我这个不太懂手机的人也能轻松上手。成像速度快得惊人，每次拍照都很流畅。照片清晰度没得说，比我之前用过的手机好太多了。手动调节参数的功能，让我能拍出更有个性的照片，爱了爱了！
6604,拿到手中很有质感 高端机 一目了然 拍照贼清晰 长焦很6 拍得贼远 系统运行也很流畅 丝滑 屏幕画面画质很清晰 追剧必备神器 666 vivo手机 值得入手👍👍
6605,机身手感细腻温润，裸机握持毫无违和感，颜值和质感双在线。运行速度超级流畅，多开APP、刷视频完全不卡顿，骁龙处理器加持下玩大型游戏也稳得一批。最惊喜的是拍照，后置主摄拍风景清晰通透
6606,使用了一段时间，拍照很清晰，各种模式都很好用，随手一拍都很好看，夜晚拍照也好看，日常使用挺好的，充电很快，基本一天一充，非常满意
6607,使用几天 说说感受 屏幕清晰 细腻 屏幕颜色 鲜艳过了点 声音稍微小了点 机器反应速度快 网络也可以 最满意的就是照相了 以后就一照相为主 游戏为辅
6608,拍照一流，有拍照需求的无脑入就行，同价位拍照名列前茅，无论是人像还是景色，都比较还原，算法介入比较少，很少失真。外观辨识度高，我不打游戏一天半一充，续航很能打
6609,看中该机子的拍照，到收试了一下，焦段丰富，拍出来的照片色彩个人觉得很不错！平时玩耍拿来记录生活能拍出满意的照片！买这台机子就去冲着拍照来的！
6610,手机收到了，用了几天下来感觉还不错，拍照方面可能还是技术的问题，需要在学习一下看看吧。网络信号方面好像提升不是太明显，原来用的也是这个品牌。
6611,vivoX200ultra 这款手机拿到手被惊到了 拍照确实是一绝 蔡司的专业级摄像头 提升画质超多，整个手机的外观也漂亮 这次选的红圈 感觉选对了
6612,使用挺流畅，系统还可以的，摄像头三个镜头都是大底，好评，考虑到镜头大小规模，估计以后应该也不会有大很多的三大底的三镜头了吧。
6613,手机非常好用，现在vivo手机做的可以说性价比超高了，用起来感觉很不错，当然了还是最喜欢拍照和摄像。可以说是无敌的，就是看中拍照的像素和美颜才买的！
6614,以旧换新：补贴了1700远，还行吧，自己补一百多。 外形外观：整体还行 屏幕音效：屏幕不怎么刺眼，比较柔和，买这手机的主要原因之一。外放音质一般般。 拍照效果：不错，买这手机的主要原因之一 运行速度：不错 待机时间：掉电比预想的要快，充电也比较慢，还容易发热。 其他特色：vivo 手机的系统做得不错，有点ios+WP系统的风格，整体美观流畅。
6615,拍照超级好！自带滤镜真的美到爆。美颜效果很自然，不失真。系统很流畅，广告可以关闭。手机颜值也很高。da
6616,第一次买vivo手机，整体表现让我很意外，ui人性化，系统流畅，还有很多很好用的小功能，最牛的就是拍照能力，身边的人都说好。
6617,手机没的说，看包装就知道不便宜，四曲面屏看着也很高档，不愧是vivo的年度旗舰。最值得说的还是像素，真的好强，老婆很喜欢买的值。
6618,手机还是挺不错的，就是急用的时候没等到最好价的时候就入手了，手机拍照还是挺不错的，也很智能，外观也做的挺好看的，整体还是不错的。
6619,真心喜欢，因为已经等了半年了，分期支付无负担每天都使用自己喜欢的手机。 最最重要的还是&ldquo;拍照&rdquo;功能，确实有想替代单反相机才想着换这部手机。效果确实非常理想！
6620,老爸买的手机，老爸在使用手机上的诉求是嗯运行速度快，嗯，拍照好看，能够记录生活，的这款手机正好契合了18 的需求，同时手机比较轻便好拿嗯老人使用起来很好，最关键的是从旧手机到新手机的手机换机非常的方便，这也极大的帮助了老年人自己换手机，很满意的一次购物
6621,送给老婆的生日礼物，从iPhone 转过来的，系统适应需要一段时间，但是拍照真的是惊艳到了，不愧是最好的拍照手机
6622,手机很棒，拿在手上质感很好，红色的色彩很漂亮很有高级感，现在国产手机无论是做工还是性能都不输国外品牌了
6623,拍照选vivo X 200u不会错 机子系统流畅度很好 续航中规中矩 正常使用一天没问题 深度拍照耗电很快 一天撑不到 外观虽说镜头凸起 我个人能接受
6624,这款手机的拍照功能真是让我惊喜连连！每次按下快门，都能捕捉到细腻而生动的画面。无论是明亮的户外还是低光环境，照片都清晰无比，色彩还原真实。
6625,手机很棒 拍照效果一流 配上专业摄像手柄拍摄很舒适 系统也很流畅 还赠送了一年的碎屏险 觉得真的是很超值的
6626,这款手机是研究了很久才选中的，我使用后的体验是速度反应快捷，重量适中，充电快捷，电池保有时间长，总之不负我的期望，是我很喜欢的一款手机。
6627,性能很好，拍照也非常清晰，非常满意，物流也很快，第一天下单第二天上午就到货了，随便拍了2张图片，目前使用了很久了，非常喜欢
6628,手机非常好用，手感很好，拍照一流，拿到手机后迫不及待的随手拍了一下身边的花，非常逼真。而且电池充电速度快，电池也非常耐用。满意的一次购物。
6629,我是把刚上市的那个隔壁家的退了重新买的这个，真的很好用。配置，硬件，流畅度。摄像头非常好。拍出来的照片，直接就可以出片。很棒，很不错。
6630,手机质感不错，相机拍摄可以，还是适应中。手机屏幕大，自拍有多种模式选择，目前感受可以。
6631,物流快速，拍照清晰，充电迅速，手感舒适。vivo忠实用户，配上其他家手机壳，顿时感觉更加高大上了。
6632,手机📱 握在手里手感挺好的，长焦镜头挺好用的 拍照也很清晰，拆开也很有仪式感🎁
6633,这款vivo手机颜色好看是我理想型的颜色，外观设计又时尚，屏幕分辨率高，配套件也多
6634,这代相机被砍了一刀，但没想到到手后对比我之前的x100Ultra感觉还是有进步的，这个焦段也很适合我，算法跟成照我也挺满意的，但是品控真得升升级了，我这台摄像头里有灰。
6635,X200ultra外观简约时尚，线条流畅，质感出色。性能强劲，运行速度快，多任务处理轻松。续航能力不错，能满足日常使用。拍照成像清晰，色彩还原佳，是款值得入手的产品。
6636,拍照效果不错，滤镜很多，功能也很丰富。手机握持手感还可以，得带手机壳使用，原机能自带磁吸就更好了。
6637,手机运行速度极快，拍照性能堪比单反相机，充满电不是很快，但是耗电量确实是很快，电池不够用。
6638,特意买来追星用的，很满意的手机，拍照没得说，手机也很流畅，充电有一点慢了，但是续航比较久
6639,拍照特别清晰，系统也很丝滑，感觉和单反拍的也差不了多少，适合爱摄影的新手购买，开心。
6640,第一次买这个品牌的手机。颜值担当，使用上面还没有完全适应，还需要慢慢摸索拍照的功能。后续追评。
6641,摄像头太棒了，很远处都能照的非常清晰，去演唱会再也不用担心坐山顶啦，简直是拍照神器！
6642,拍照效果非常满意！下次还支持，尤其是长焦非常清晰，被震惊了，之前没有用过这么好的手机
6643,活动价入的 拍照效果很满意 国产崛起 超高性价比 感觉国产拍照手机第一就是vivo的X200系列
6644,这就是vivo新手机的照相，非常棒，最后一张是超清像素的，就是焦距是固定的，非常不错
6645,一直种草的拍照手机 朋友推荐的 拍照效果不错 就是耗电有点快 继续用用再追评啦啦啦
6646,从参数到体验，vivo X200 Ultra都无可挑剔。骁龙8至尊版处理器性能强劲，蓝图自研影像双芯让影像表现出色。屏幕素质优秀，1 - 120Hz自适应刷新率流畅顺滑，防水设计也很贴心👍。
6647,被身边朋友种草了这款手机，早上下单，下午就送来了，赶紧试了下，拍照效果是真的牛啊！
6648,到货很快次日达，拍照视频都给力，比我的果14pro效果更好，可各种调整拍摄的设置很好，还没玩透，试了下微距、加logo、人文拍摄，确实蛮有特色，赠送了耳机，内存也够够的，电池使用时长比果安逸多了，果粉转vivo，数据导入比较快，就是各个app重新下载过来登录弄了好半天，下午加晚上全部搞定，还不错，值得，期待自己后期更多出片和视频，粉上vivo
6649,紅圈很讚，不同光線的顏色漸變有不一樣的表現。 最近更新AOD功能確實好用，續航穩定。 相機拍起來好看，美食風景室內都好。 客服也處理迅速，就是看希區考克變焦能不能加進來就完美了
6650,晚上下单，第二天上午就送到驿站了，包装完好。手机屏幕比较大，相机看着很高级，拍了远景确实很清楚，拍人也比较好看。打字的时候，26格拼音全键模式，行与行之间间隔有点大了，打字容易出错。另外，返回键在最右边，看微信的时候，不能直接向左划返回，不是很方便。
6651,质量很好，也很丝滑，拍照也非常清晰，是我喜欢的拍照手机。就是手机比较重，摄像头那个地方比较大。如果介意重量的话就慎入手，但是如果是喜欢拍照的话，就可以放心入手
6652,真是很好的手机，对于只是需要拍照的人来说，超大杯就是最好的选择，完全承担本次假期去旅游的主力机，同时也买了dj pkt3，自己也是摄影爱好者，不过没有时间也就没有经常用单反拍照了，不过对于一般日常的需求真的太好用了，个人觉得是三家之冠，OPPO品控不好，到手的拍照体验也不好，但是vivo的拍照体验很棒，出片也很好，只是发热太严重了，毕竟是&ldquo;高强度&rdquo;拍摄需求，对于产品的问题希望能够改进，再者就是毕竟那么贵的机器，希望芯片支持可以顺畅用三年吧，我都不打游戏，只求正常使用可以保持顺畅吧
6653,物流速度很快，头一天下单，第二天就到了。包装很严实，没有磕碰！目前使用过程中，系统很流畅，屏幕显示清晰！拍照效果后续使用后，再追评！
6654,大几千的东西，就这样简单包装，难以置信
6655,特意买了Vivo去拍演唱会，没做攻略也没买增距镜，手机很有重量，拍演唱会舞台模式，大屏还可以，1800的内场拍人应该是极限了。有国补价格还可以接受。
6656,手感不错，拿起来有手感，外表颜色也漂亮，屏幕颜色也鲜艳，操作挺顺畅的，打开应用切换速度都挺棒👍🏻，比某9000多的都快，总之性价比还挺高。
6657,以旧换新：格 不错 外形外观：四等曲面很好 屏幕音效：不错 拍照效果：很好 运行速度：8至尊比天玑9400强 待机时间：不错大电池 其他特色：京东快递速度很快
6658,这款手机包装非常精致，白色机身简洁大气计。背面的摄像头模组设计也很独特，给人一种高端的感觉 。整体使用起来感觉很不错，性能强 劲，操作也十分流畅。物流也很快，满意的一次购物体验!
6659,给自己挑了好久的拍照机皇。放购物车没下单。然后老婆说手机不好用了，要给娃拍照，给她换个手机。于是果断下单。确实拍照实力很顶。特别是我老婆正好是喜欢用普通广角放大一点的焦段，正好是35作主力焦段，完美
6660,刚发布的时候就挺喜欢这款手机，橙子系统很流畅，各种优化适配都不错，之前就用过nex，比之前的进步的确很大。屏幕尤其护眼效果很好，至于强项拍照就不多说了绝对的棒！叠加国补京东优惠券后不到六千的价格划算多了。
6661,屏幕不大，只是中等，镜头很惊艳，功能很强大。舞台模式很清晰，拍照模式也比较多，像素和画质不错，也比较智能，有一些辅助提醒。
6662,手机质量很好，拍照特别清晰嗯，电池容量也比较大，充电比较快，手感比较好，使用起来也还不错，购买很多天了，才来评价，屏幕清晰，大内存，满意
6663,就是看中x200ultra的拍照的，虽然手机拍照画质还不能跟相机比，但是随手就能拍，这款还是原生还35mm，又可以到处走走拍了。算法虚化效果目前觉得挺赞的。
6664,第一次买vivo手机，因为体验过拍照确实很不错就入手了最新款，客服回复为很专业，没有什么犹豫直接入手，物流很快第二天就到了，全新机器，长焦拍照也确实不错，出去玩应该拍照更棒了。
6665,对比了一下，x200u解析力远高于x8pro，摄像按键没啥卵用但也比x8pro好很多，就给老婆用了，喜欢拍照那就使劲儿用！
6666,京东上买东西物流非常快，非常给力。这次买的v v o手机很好用，拍照非常的好看，尤其拍风景呀，拍美女呀都好看，驱寒给力，打游戏也非常爽，手机手感很好，屏幕也很清晰，非常的不错。下次再来买
6667,这款手机质感不错，拿在手里很舒服。系统流畅，屏幕很好，显示效果非常棒。最大的亮点是拍照，夜景和远景尤其好。
6668,给孩子买的，很喜欢。机器和相关配置质感一流，给孩子能配置的都买了，配置拉满，日常应用没有问题，操控也很好，一直在用vivo品牌。
6669,关注Vivo的这款手机有很长一段时间了，正好有24个月免息白条真的不错，对比了一下价格比别的地方都要实惠，那就在京东下单吧吗保障方面放心一点，拍照确实令人惊艳，随随便便拍都可以出比较不错的漂亮的照片。
6670,选了红色，作为生日礼物送爱人，样子好看，拍照功能不错，尤其是长焦拍人像。其他功能正在研究中，值得推荐。此外，还给送了一个耳机。
6671,拍照比较牛叉的手机，从一个拍娃爱好者角度来说，拍照功能几乎无敌，直出照片，还有夜景照片在很多时候只追微单，日常拍照可以不带微单了，效果远超所有手机。用了几天拍了几百张照片。
6672,手机拍照特别好看，很清晰，而且很流畅，一直都是vivo的手机，这次入手这款确实不一样，很有质感，不愧是旗舰款的手机，很值得购买体验的
6673,之前一直用华为的手机，这次换成vivo，感觉品质相当不错。处理器很给力，运行速度快，没有发热现象。拍照摄像功能配置算是顶流了，图像处理很强大。看看照片怎么样。
6674,演唱会被种草了，这款型号的手机画质太清楚了，跟望远镜一样的，于是按耐不住入手了。这个酒红色太好看了，实物非常的美。安利酒红色
6675,蔡司三定焦镜头太能打，2亿长焦拍人像超真实，夜景也清晰。骁龙8至尊版流畅不卡，6000mAh电池续航顶，摄影党值得入￼￼￼。
6676,vivo手机性价比非常好，此前用的是vivo80，质量一直很好，这次更换更高型号，内存也大一些，使用感觉非常好，京东自营购买放心质量，发货及时，推荐购买。
6677,做工挺好的，高端机的手感和质量。屏幕非常清晰，刷新率高，观感很好。不卡顿，运行流畅，连接蓝牙和有线耳机音质都非常棒!6.8英寸，看电影和视频很不错，正常待机一天没问题，没有明显的短板。蔡司人像三大定焦镜头，拍照质量杠杠的，这是主打的卖点，样张放两张。
6678,照相摄影超级棒，夜景长焦完美，最喜欢快门物理按键代来的方便，通话质量很好，手握感觉也很舒服。总之很满意。
6679,六七年的果粉转成了vivo粉，这款手机拍照效果非常的赞，很清晰，光线暗的时候拍照也很亮，而且打开每一个软件，速度都非常快，很顺滑。目前已经使用习惯了，早换早享受
6680,一直很喜欢vivo 的手机，有创新，外观时尚，里面的ui设计也很棒，上一个是X27，有隐藏式摄像头，这个x200ultra 又有 物理外挂，真的是很有想法，富于创新的国产好品牌
6681,终于入手vivo X200 Ultra！蔡司定焦镜头+双影像芯片，拍景拍人都清晰，性能强劲不卡顿，6000mAh大电池+快充，续航无忧，太值了！
6682,颜值很高，拍照很棒，大容量电池，待机时间长，屏幕清晰，操作很流畅，音效好，外放声音响亮，音质好，超值。
6683,外形外观：用过多款手机，这款的外形外观可以说是中规中矩，背面的镜头组确实硕大。握持手感很好。 拍照效果：非常不错，目前正在摸索中，感觉比苹果手机的拍照效果好，乐趣也多。 屏幕音效：屏幕素质还可以，音效就比较拉胯了。 运行速度：丝滑流畅 待机时间：长 其他特色：系统还挺有意思的，跟ios的互联功能很不错，点赞👍
6684,漂亮手感好，下载流畅火箭速度，这是我的第一个vivid手机感觉很好看又好用拍摄效果非常棒，修图方便，拍照单反完美的手机
6685,很不错的超大杯。外观奥利奥挺好看的。喜欢蔡司很不错橘子系统在安卓里也非常流畅了喜欢用。拍照还得是超大杯哦
6686,拍照绝了，我也是被朋友种草了这款手机，让网上看了很多评价和测评，最后在出门旅游前选择了这款，无息分期买的，很划算，拍照绝了，留下了很多美好的回忆
6687,补贴活动的时候购买的价格实惠差不多6k到手很是满意，手机续航基本日常使用刷刷视频电量一天够用了 手机拍照像素相当不错的系统用起来也很丝滑很满意的
6688,已经用了一个月啦才来评论，真的很好用，拍照效果真的非常棒，安卓生态也很人性化，100w快充不用再带充电宝了。
6689,真当是传说中名副其实的拍照神器，一直想换一个拍照功能强大的手机，价格碰到这一次的双11也优惠了很多，到手了各种拍，真的很赞，爱了爱了。拿它用来当📷绝对不会让你失望！
6690,下单后很快就收到了，很好哈，手感也可以，摸着比较有质感，换手机还是选了vivo。。摄像头很棒，买手机还是认准官方旗舰店
6691,送给喜欢摄影老公的生日礼物，果然不负所望，是拍照神器，随时随地出片，老公很喜欢 外形外观：大小合适 做工质量：做工精细 材质工艺：手感很好 屏幕音效：非常好 运行速度：很快
6692,开始用了，为了人像拍照功能买的，就像买个拍照好看的，用了几天感觉人像模式还行，在摸索看看，自带了手机颜色的手机壳，还送了耳机🎧，总体还不错吧，用段时间再来追评
6693,拍照像素确实很棒，续航现在是新机的缘故还可以。总体感觉还好吧。最后说下，电量就一般正常使用，掉电是偏快的
6694,看这款手机很久很久了，非常喜欢它的拍照功能，拿到手就迫不及待拍了这几张，特别特别好看，拍了儿子，和写真一样，特别好看，手机直出绝对没问题，就是第一天微信卡了几次，再用几天看看情况。
6695,手机使用流畅，性能好，颜值很高。电池很耐用，之前的手机一天充两次电，现在一次就足够了。冲着拍照功能来的，微距下拍的肉肉非常非常清晰。太爱了😍
6696,拍照效果：符合预期，直出成片率很高。 待机时间：正常使用一天足够。 外形外观：镜头模组很大且突出，不介意，用用就习惯了。
6697,从苹果过渡到vivo，这次体验真的超出了我的预期。vivo手机的拍照功能让我印象深刻，色彩鲜明，细节丰富，操作流畅，设计时尚，非常推荐
6698,这款手机已经使用了一个月了，非常不错，拍照视频都非常清晰，出去旅游演唱会拍出的效果特别好，爱了爱了。
6699,手机拍照片很清晰，处理器运行速度流畅，红色外观很喜欢，京东购买品质保证，电池健康状态很好，续航能力也很强，中度能用一天。
6700,送给媳妇的礼物，不错除了重些其他可以尤其是摄像功能还是非常强大的，但是没有视频介绍这个系统有些不会用
6701,之前用的100U 希望一个手感 屏幕更好的手机 刚好以旧换新有补贴就换200u啦 拍照非常强哦，手感也更好啦
6702,这款手机性能非常好，颜值非常高，拿到手之后感觉非常的轻薄。照相功能非常好。好几个人都问我，好几个嗯，用了一个月，感觉非常顺手，继续保持
6703,五年了，x50pro+退役换这个了，一下子高速起飞了，拍照真的不错，视频足够用了，各方面的小细节也很好，家族粉就还是换了新旗舰，就是重，真的很重，设计师看到了吗？真的重！1t更重
6704,非常好用，喜欢犹豫好久和200pro，还是买了这款，真的很不错，好用处理器也好，照片拍的也很好，应该还有很多功能我不会用，但是很不错很不错
6705,拍照是真的给力，真的是随手出片，根本不用对焦，甚至不用停下脚步，拿在手里直接秒拍即出片。系统也很好用，打游戏也性能也相当够用
6706,专门用了一段时间才来评论的，刚好买了拿去旅游拍，非常不错，自带美颜，哈哈，拍出来的相片都挺好看，好几个朋友都说想买。唯一一个就是打电话的时候扩音有点大唉，不用免提人家在旁边都听得很清楚😂
6707,拍照性能还是很强大的，感觉vivo的拍照功能确实是一大强项。总体上来说，系统体验感觉可以。橘子系统还不错的。可以接受的，值得一试的。
6708,话不多说直接上样张，现在长焦这方便vivix200u简直无敌，搭配上增距镜就是光学巨炮，四等深微曲的屏幕手感也是非常棒
6709,手机到了拍照确实很厉害，会让人更喜欢去拍，续航也很好，就是充电有点慢，运行也很流畅，总体来说比较满意。
6710,远远超过期待。电话的拍照和录像超过预期，套装的小镜头，更是让我很满意。比相机拍摄方面太多太多。👍上两张图片，大家参考一下。
6711,演唱会神器，拍照特别好！以前没有用过vivo，这次用了之后发现拍照比小米苹果好太多了，出去玩都不用带相机了。
6712,买了一个月后来评价。是给老公买的生日礼物，拍照功能出色，比相机方便，这下可以给宝宝好好拍照了📸📸📸唯一的不足就是拍久了发烫发热
6713,拍照模式很多，还没有完全研究明白，远景很清晰，比眼睛更清楚。就是颜色会失真，不知道在哪调整能更真实，我在研究下。
6714,很酷哦，我还有一个要适应的过程，苹果转vivo用户。我只是买来拍照的，不能说最最满意，但是代替了单反真的也够了。
6715,关注这款很久了，一直想入手这款影像旗舰。整机外观非常丝滑好看，我选的黑色，沉稳大气。 影像效果，非常满意，和我的微单EOSM200简单对比了一下，效果比较满意，当然我这个对比不怎么专业。 屏幕效果非常好，系统使用非常丝滑，外放效果也还不错，绝对的旗舰。第一次入手VIVO，之前用的是某M系列，操作差不多吧，各有优势。
6716,哎，那款手机就是冲着他的拍照过来的，按照我是从小米一直用过来的，感觉这个手机与小米之间的这种使用习惯还是有所不同，但是它的拍照确实很不错让人觉得场焦还是不错的但是系统的话比小米要差所以说的话也希没有法换地方继续的加油把系统也做
6717,送货速度一如既往的快，保护非常到位。指纹搭配脸都解领几乎没有延迟，最大亮点莫过于摄像头。成像锐利，虚化边缘过渡自然，室内拍摄大光圈非常有用。后续详细使用后再追评
6718,使用了一段时间，感觉vivo X200 Ultra非常流畅，操作界面很友好，日常使用毫无压力。拍照效果特别优秀，尤其是夜景模式，清晰度和细腻度都很棒。整体设计也很符合我的审美，手感不错，性价比很高，值得推荐。
6719,手机是正品，外观质量没有问题，三码合一，物流也挺快的，收到货就开始狂拍，不愧是拍照神器，老婆很喜欢，感谢京东vivo ，优惠力度也挺大的
6720,线下尝试了各类手机的握持手感和拍摄效果，这款不仅各项体验不错，而且颜值出众，用了一段时间感觉也挺不错的
6721,VIVO X200 Ultra 手机手感丝滑，拍照清晰，防抖功能好，自拍效果好，充电快速，还送耳机。是一款拍照功能强大的手机，值得推荐。
6722,很不错的一款手机，有点小贵，用起来很好用哦，这是在京东买的第四个手机了，一如既往的相信京东的品质和服务，购买手机还赠送了一个蓝牙耳机👍赠送的耳机很喜欢
6723,外形外观：超级喜欢 屏幕音效：不愧是京东方的 显示超清晰完美 拍照效果：现在最强的影像旗舰 运行速度：origin无敌
6724,这款手机质量出色，运行流畅，拍照清晰。与商品描述完全相符，没有夸大宣传。物流速度快，包装也很用心。客服服务周到，性价比超高，值得购买。
6725,用了几天反馈一下，系统非常流畅丝握持手感也不错，拍照是真的顶比起自用的苹果15por真的吊打，必须给国产机一个好评，打算当主力机用了。
6726,我对它的拍摄能力很满意这张图片是在香港青衣拍摄的山东舰它的配置对比pro版芯片更强且主摄也换到了35毫米而且是超声波指纹解锁的更快
6727,质量很过关，品质有保障，功能强大，相当不错的选择，好多朋友看我用都想买，我都推荐了。没拍图，图是淘宝找的，懒得拍了，总之机子很好，值得冲！！！！！再也不用苹果这样的老人机了
6728,性能出色，外观完美，尤其是这个红色背壳。摄像头模组很大，很有质感，防抖很强大，拍摄效果不错。
6729,以旧换新：选择的以旧换新，包含了补贴后，性价比很高。送新收旧货，体验很好，服务不错。旧机检测很快也很方便。 新机包装很好，当面拆封检验，方便放心。使用了一周，很好很满意。
6730,给公司采购的，到货非常快，打开之后质感还可以，有点重，突出来的摄像头估计必须要有手机套保护。
6731,用了20天了，目前使用感觉良好，速度很快。拍照功能强大，人像很好看，美颜也不夸张，满意！
6732,拍照确实强。音质不咋的。
6733,绝对是手机摄影的王者，样子拉风不说，效果还出色。特别是200的长焦镜头，属于鹤立鸡群的存在。
6734,软件启动很快，颜值也不错，屏幕很贴合，会根据光线暗度自动调节，操作也很顺畅，功能也很全，相机很出片
6735,旗舰机就是旗舰机，品质好、颜值高、做工精细、手感出众，系统流畅好用，照相效果经过比较感觉是最好的了
6736,这次买的手机非常好用，非常喜欢物流非常的快。白色的很好看，手感非常好，续航很好，拍照无敌灭霸级别的存在，手机售后也好，非常不错。赠品也不错
6737,屏幕刷新率绝对够高，摄像头成像效果很好，毕竟是灭霸级别的存在，手感也很好，系统流畅，值得购买！
6738,拍照效果：好好好好好 其他特色：配件超棒 运行速度：快捷 两个大模型可以下载，端侧AI表现不错
6739,手机做工精细，系统运行稳定，拍照功能强大，色彩还原度高，性价比很高，包装也很用心，值得推荐
6740,稍稍屏幕有点宽，整体使用很流畅，拍照性能强，屏幕整体感觉非常好，系统还需要再熟悉一下哈
6741,这vivo x200 ultra 这款手机拍照功能确实不错，升级最新版本后，续航能力相当不错。
6742,拍照功能真是无敌啦，把人拍的好自然好好看呀，拍景也好看，傻瓜式拍照，也能拍成大片
6743,买给儿子的生日礼物。他一直用vivo这个品牌感觉很好。照相功能强大。电池续航也不错。
6744,昨晚用长焦拍了月全食过程，实在是太强大了，比单反好用，对焦速度快，成像质量高，功能强大。
6745,这款手机看中好久了，朋友用的这款晚上拍照很好，所以自己也入手这款，一直想要一款拍照好点的手机
6746,做工挺好的，系统流畅不卡，拍摄真的好，不愧为演出会神器，电池续航能力强，一天怎么用都用不完。
6747,拍照效果：拍照的的同价位无敌了 外形外观：我买的是白色的，感觉真的非常的有质感，用起来也非常的顺手 运行速度：vivo的系统不用说了，真的非常的流畅。
6748,vivo的蓝粉了，一如继往的好用，系统、外观、质感都没得说，尤其是他的看家本领：照相，美得不要不要的，值得推荐！
6749,手机的屏幕挺好的，信号也不错，拍照真的很好，红圈这款颜色最爱，还会变幻颜色，系统也不错
6750,很喜欢这台手机，丝滑顺畅，很流畅，拍照也很惊艳，超乎我的想象，手感也很不错，屏幕通透清晰
6751,颜值高，手感好，拍照清晰，值得冲 屏幕音效：音效好 外形外观：颜值高 拍照功能多，选项也多
6752,手机使用感还行，拍照对我这个小白也挺友好的，就是相机太凸了，相比我之前的mete30，有点重😔
6753,拍照很清晰 重量有点重，拍照真的很出片，摄像头还没有用，以后去看演唱会去看比赛可以试试看，
6754,拍摄功能非常强大，还是用惯了vivo，专门内卷拍照的厂商，摄影调的色调和滤镜都很不错
6755,打破了我对国产机的看法，因为摄像入手，用起来也很丝滑！很多便捷功能！电池也很耐用！！
6756,运行速度可以，拍照功能强大，软件启动也很快，手感可以，性价比超级高的一款，推荐大家试试
6757,旗舰手感，拍照提升明显，系统功能齐全，送的耳机效果也非常棒，真是一款不可多得的顺手手机
6758,手机像素不愧是安卓激活，录视频也是比苹果来了，推荐购买，系统流畅稳定，适应也丝滑，助力也好用
6759,颜值很高，自拍还能变焦，拍照超级清晰，操作顺畅，不愧为年度旗舰级！期待使用过程中有好的表现！
6760,红圈这个颜值真的无敌，拍照很清晰，整体都是完美的，比隔壁小米oppo好多了，yyds
6761,非常满意的一台手机，虽然没优惠，但是生产日期很新鲜呢，拍照都满意，是从pro升级过来的。
6762,这款手机看了很久，终于在有国补的时候刷到了！手机到手后用了几天很流畅！拍照尤其是ai真的厉害！
6763,一直用vivo和iqoo的旗舰机，系统美观，操作流畅。主要是拍照效果非常棒👍。
6764,屏幕好，速度快，电池够用，拍照无敌，音质清晰。非常好用的一款手机vivo ，值得信赖的品牌
6765,"挺喜欢的,系统好用,拍照能力一绝。准备再买个外挂镜头,下个月带去看五月天演唱会了。"
6766,手机使用流畅，拍照十分方便，人像模式十分专业，配件齐全，长焦拍演唱会无敌了。总体满分！
6767,用了一周以上，蛮好用的，虽然摄像头模具很大，但是不妨碍我握持，信号很强，不愧是顶配版！！
6768,"不愧是X200,这画质我真的太爱了，自带耳机音效也很不错，完蛋，我好像真的爱上.vivo了，享受中，学习中，目前各种满意"
6769,手机整体很精致，背面比200pro更好看。虽然镜头凸起很多，但手机整体并不厚，我不会很重，握持手感也OK。 拍照和拍视频的效果真的很好，尤其是超广角的画质比其他手机要好。另外35mm的主摄用起来也还顺手，负片的效果挺好看，总体很满意！
6770,外形外观：红色很好看很特别很高级 运行速度：流畅 不卡顿 拍照效果：清晰 对焦快 屏幕音效：🉑 挺好的 希望后续更新能持续优化 希望质量有保证 能够用久点
6771,第一上手感觉质感还是可以的，拍视频非常非常的清晰，充电速度还行，电池比上一代有所提升，感觉比我之前的OPPO机子好用，目前还是比较满意的，希望后期优化的更好，冲冲冲，好评
6772,外形外观：强烈推荐银调的配色，磨砂玻璃的后盖手感非常的不错 屏幕音效：这次的屏幕是X系列有史以来最好的屏幕，音效也很不错 拍照效果：拍照不用多说非常的牛大小远近拍的非常清楚，
6773,体验感非常棒！用vivo很多年了，系统很喜欢，这次换机主要是给宝宝拍照用，真的很棒，可以给孩子留下许多珍贵的回忆。一直也在摸索怎么更好的利用相机，很方便到手可以直接启动相机。
6774,心心念念的红圈终于到了，上手质感确实舒服，个人觉得食指抵在镜头圈下面握持还挺顺手的，屏幕观感也小超预期。拍照可玩性很大，长焦可用性拉满，第一次用蓝厂的机子，还要慢慢熟悉系统，希望官方补丁优化加紧推送，稳固一下200U今年的灭霸之位。
6775,收到用了几天才来评价，外观选择了喜欢的红圈，主要喜欢摄像头上面的一圈红色，很精致，手机用着手感还可以，之前用的X90pro+，刚上手这个有点不习惯，拍照比之前的手机强太多了，这次的旗舰拍照真的够顶
6776,从xfold3保值换新八折抵扣了6079换的x200ultra，必须夸一波京东vivo的服务。 35mm主摄是我非常喜欢的焦段，之前玩佳能m6就喜欢用22饼等效35mm视角，现在用佳能r100配28饼。ultra这颗主摄可以平替。 超声波指纹比光学指纹好了不止一点，解锁太丝滑了现在。 电量比之前的fold3要足，续航放心很多。 酒红色果然没有让人失望，非常有质感没买错。
6777,欣赏蓝厂独树一帜的勇气，拿到发现对比X100U影像无可挑剔，人像较更自然更克制，相机页面能调整锐度，不会再把猫狗拍成刺猬了，长焦ai高度可用，拍建筑很成熟，续航比x100U长很多，但充电速度还是不理想。新23mm主摄换成35mm 主摄好用，50mm细腻，银色质感很好，有mate系列的质感了。
6778,这款手机真的不错👍，真正的演唱会神器，不过摄像头是真的突呀，比其他ultra手机突出的更夸张，外观设计简约大气，摄像头功能强大📸，拍照效果超赞！使用起来非常流畅，性能也很稳定。特别是散热系统设计很贴心，玩游戏再也不怕烫手了🎮。值得入手！
6779,第一时间收到，红色真的很有质感，屏幕显示细腻，完全没绿边了，色彩也非常棒。 体验了拍照，35mm主摄非常实用，85mm的长焦十分惊艳，微距很出片，为摄影小白增添了很多乐趣，激发了户外创作的兴趣。
6780,使用感不错，搓焦距对焦特别快，录像也很稳，同样是对焦稳，夜景比较清晰，会自动锐，或许可以加个手动选择是否锐化或者智能处理的功能？很方便自定义画面吧，拍照确实没话说，质量很高，也试了打游戏，确实流畅，配置真心不错，推荐喜欢拍照的姐妹入
6781,外形外观：有点厚重，但是质感很好，设计我也很喜欢，非常有辨识度。 屏幕音效：屏幕很顶级，外放音质一般。 拍照效果：好好好 运行速度：很快，骁龙8elite果然有点东西 待机时间：不错，续航跟之前的z9t差不多
6782,这代vivo超大杯 主打色银调的工艺处理的很帅，看着有纹理实则是平面的玻璃表面。这次屏幕也升级到了京东方定制顶级国产屏。首发购买29日准时送到，盒子里自带的手机壳质感细腻，开孔准确。期待后续相机的持续优化！
6783,29号晚上就收到货了，整机还是非常有质感的，上手也比较有厚重感，做工不错！拍摄效果很好，尤其是夜景模式，本来买来就是为了街拍的，不愧是旗舰拍照手机，后续更新样片
6784,外形外观：外观很帅，特别喜欢这种大的摄像头，手感方面，用一段时间就能习惯虽然说确实凸起很高 拍照效果：录像效果无敌，很丝滑，清晰度很高 运行速度：系统流畅性可以有点小bug能接受 待机时间：很顶 其他特色：侧边拍照快捷键方便合理，屏幕素质也够高
6785,x100ultra保值换新过来的，512相比去年便宜更有性价比，对比个人感觉红色很有质感，影像风格也更有感觉了，新增vivid原片和负片滤镜，超广角有明显提升，目前超大杯注重超广角的不多了。可创作空间更大了
6786,外形外观：完美 屏幕音效：不错 拍照效果：非常棒，AI出大片 运行速度：非常快，加两个游戏键就更完美了 待机时间：还可以 其他特色：80%保值换新非常棒
6787,从x100ultra换过来的，处理器升级后系统流程多了。这次拍照还新增了负片风格，颜色很喜欢。希望vivo能在注重一点拍人的质感和光影效果，还有live图片的质量就更好了。 总体很满意，续航，拍照，屏幕都有提升。
6788,拍照效果：拍照一直这么强！特别人像！演唱会神器！ 屏幕音效：很不错！ 外形外观：外观时尚大气！ 运行速度：火箭小子！超级快！ 待机时间：强！充电速度很快！
6789,新款手机刚入手，手感很不错，做工可以看的出来很精细，很多功能还不熟悉，特别是拍照的功能，当然买这个手机许多人都应该是奔着拍照去的吧，溜了溜了
6790,手感很出色，拍照功能强大，14mm超广角拍摄清晰，负片色彩高级，85mm焦段望远能力强大。视频清晰，防抖动效果好。屏幕清晰，色彩准确，手机信号很好。系统功能丰富。
6791,心心念好久的手机终于收到了，外观很精致，后盖的花纹有一种相机蒙皮的感觉，摄像头模组比较凸，但是也代表了影像能力突出，特别是这次的负片色彩，太漂亮了。一直喜欢vivo的手机，以后还是会继续购买。
6792,先人一步套装购入，deco是看起来很大，但是机身质感握持感比想象的要好，拍照这个价位的手机肯定不会失望的，屏幕也不错，对比几台旗舰机感觉x200u是最通透的，整体来说很满意
6793,很丝滑的体验，从90换过来的，流畅度提升了很多，显示效果也更棒了。机身后盖也太有质感了，无论手感还是观感都超棒的。新的相机快捷键很棒，完全有相机一样的体验了。
6794,长焦确实是厉害，还有这个大底超广角，不论拍照还是录像，从主摄切到广角预览框画质终于不会有一个断崖式的下降了，拍照按键还挺好用，按压力度都调到最小够够了。这个屏幕通透度，可视角度，最大亮度都很不错，这个马达振动很细腻，各种振动反馈都很好。系统也很流畅，有些小功能还挺实用的。
6795,外形外观：摄像头凸起套壳的话不算很突兀，能接受，手机总体很薄，手感还算可以。 拍照效果：作为一款手机来说很不错，滤镜和模式选择很多，再加上拍照后Ai，其实对于大部分不会拍照的人来说很友好，专业的肯定比不了。 运行速度：骁龙8至尊版、16G运行内存、120Hz刷新率加上vivo的系统，没理由不流畅。 待机时间：能做到睡醒拔充电器使用一天回到家躺床上接着玩，还有就是充的快利用好碎片时间，其实对于续航没有太多焦虑。
6796,这款手机包装非常精致，白色机身简洁大气✨。背面的摄像头模组设计也很独特，给人一种高端的感觉👍。整体使用起来感觉很不错，性能强劲，操作也十分流畅💪。物流也很快，满意的一次购物体验！
6797,用了一段时间，不错！ 1、颜值，突出的摄像头造型，白色的更显。 2、续航，比100xultra明显强，我是超高强度使用，一天两充。 3、摄像，一如既往的好，比前代产品增强。 4、手感，用的原装手机套，自己配了个挂绳，感觉手感不错。 其他，喜欢vivo的生态，这次买的最高配的，购买了保值，期待他的下款产品！
6798,以前都是买白色居多，这次的红色很好看啊，镜头红圈更是点睛之笔！饼干头DECO霸气外露，先人一步抢到已经用了好几天，拍照一如既往的强大，关键的改变就是超广角这次也能和主摄一样拍夜景了，全焦段&ldquo;大三元&rdquo;不是盖的！好评必须的
6799,vivo忠实用户了，年年换代，相比x100ultra感觉提升挺大的。最直观的就是屏幕，边框窄了很多，终于不是傻曲面，等深微曲感觉和直屏手感差不多，相当舒服。握持手感也舒服了很多，续航感觉至少比我100u翻倍，好评。
6800,外形外观：显眼的镜头模组，非常有辨识度。 拍照效果：长焦效果非常好，细节捕捉精准。 从Xfold3换过来的，vivo的系统稳定好用，这次相机里多了好多功能，日常出门扫街，完全可以不带单反。
6801,虽然摄像头凸起比较多，但拿在手上还是很轻松的，并没有头重脚轻的感觉。摄影效果那是真的牛，特别是夜间效果，无敌了。35mm主摄，构图更好更出片，谁用谁知道！
6802,新机到手了，就是冲着V单手机买的，随手一拍，效果确实惊艳，特别是长焦，高清，颜色不失真，很满意。换机操作也很方便。手机拿着手感也还行，总体很满意！
6803,这个手机收到真的很亮眼，非常的好看，商家赠送的手机壳颜色和本机颜色高度一致，拍照也很不错，很出片，系统也很流畅，值得入手
6804,外形外观：曲面屏幕好看， 手感非常棒 屏幕音效：屏幕显示效果提升明显 拍照效果：最强长焦不是盖的 其他特色：附赠的硅胶手机壳手感也特别棒
6805,X200ultra影像不错解析力不错，细节很好，坐等手柄和增距镜，长焦微距太强了，清晰，系统流畅，满满的情绪价值。
6806,超大杯入手！之前在网上看到说摄像头突出以为会很厚重，实际到手手感意外还的不错！应该是机身做薄的原因吧。后盖设计的很有质感，为这次的黑色打call！低调又有设计感！镜头模组真的有相机的感觉，让人跃跃欲试！屏幕这次的微曲好评！看上去跟直屏也差不多了，手感还更好些。
6807,从ip手机切换成vivo的第二年，使用非常丝滑，外观也好看，红色的外壳质感很高级，拍照功能强大，原片直出氛围感拉满，已经影响周边朋友切换到vivo系列了。国产手机真是越来越棒。
6808,家里手机都是vivo的 X200ultra太棒了 反应很快 外观好看 拍照太强大了 不愧是专业拍照手机 手感也挺舒服，整体看起来很高级。拍照效果超出预期，尤其是长焦镜头，拍远处的风景或者人像，放大后细节依然很清楚。夜景模式下，照片也很干净，没有太多噪点，色彩也很真实。
6809,基础配置已经顶级，买来拍视频用的，视频效果看一下吧，变焦丝滑，远景清晰。强项非常强，其他无短板，非常满意~
6810,外形外观：这大大的镜头模组爱了爱了 屏幕音效：双扬声器很不错，你可以一直相信vivo的音质 运行速度：运行非常流畅，不卡顿 拍照效果：大摄像头带来的是更加出片的照片
6811,手机非常好用，质感非常高，满满的仪式感。系统流畅丝滑，拍照效果特别好。做工上乘。物超所值。超出我的预期。特别是拍照效果。
6812,已关注200 ultra好久了，所以首发就买了，从x90pro+换过来，感觉轻了好多，质感和手感都有所提升，用相机的时候就很喜欢35毫米焦段，所以没什么不适应的，这次的相机设计我很喜欢，拍人像，拍风景，拍长焦，甚至拍视频都很好，现在长焦那个镜头买不到，希望尽快能量产
6813,非常好的一台影像期间机型，35MM主摄用来拍人像照片效果很好，人物很突出。X200这块屏幕也是顶级的体验，色彩很好，很清晰。其余如充电，外放声音，超声波指纹识别等也很好。整体好评
6814,快递很快就送到了，手感很好，不带壳超好看！带壳防滑不错，单手拿正好托在镜头下面。镜头圈圈有红色线条，好漂亮！
6815,外形外观：手机和前几代设计差不多，有很好的延续性，比较喜欢。 拍照效果：拍照效果一流，特别是人像，一直不错。这次的摄像效果也更进一步了。 其他特色：这次待机时间有长足进步，充电速度也很给力。
6816,这次从xfold3 Pro换回直板，主要看中长焦性能卓越，大屏显示信息更多，搭配专业摄影套装手柄可玩性很强； 游戏性能拉满，续航和发热优化不错，打王者还是很耐抗的； 操作系统一直很优秀，后面希望继续优化办公方面； 原先担心不是直面屏，外观整体看来影响不大，能正常贴上钢化膜，指纹解锁无影响。
6817,很早就看上了200u，发布会当天就下单了，到手还是一样的好用，镜头很大，很特别，手指可以搭在那，挺方便的，拍照也特别好，没买错!!! 运行速度：快 拍照效果：好 外形外观：握持手感不错
6818,屏幕音效：今年超大杯旗舰机中最好的屏幕，显示效果很好 拍照效果：比我以前的手机好太多，不愧是 V 单，期待后续买了影像套装的效果 外形外观：很有质感，机身部分很薄，摄像头突出有点多
6819,这部手机真是超乎我的期***作流畅，屏幕清晰亮丽，而且电池续航力令人满意。摄像头的拍照效果也出乎意料地好，功能强大。35mm焦段扫街非常出片。这次暖场也补齐了屏幕这块短板
6820,运行速度：运行速度没有问题，非常流畅。 拍照效果：拍照也不错，有很多好用的功能，还没有全面体验。 待机时间：待机时间可以，新机续航比较满意。 外形外观：摄像头挺大的一块，平常拿手机容易摸住摄像头，这一点不是很好。
6821,4.29开售，4.29当天下午就拿到手机了。 红色质感特别好看，很高级，镜头旁边还有一圈红圈很好看 拍照也特别有质感很好看，随手一拍都好看，拿到以后就很想出去旅游拍照了。
6822,外形外观：vivoX系列红色深得我心，大气优雅 屏幕音效：屏幕观感非常好，看久了眼睛也不会累 拍照效果：T0级别，人像无敌，新出的负片效果也很有质感 运行速度：丝滑
6823,手机颜值很高，银色很耐看，裸机会感觉到厚重，带上手机壳，就不会了，推荐非常推荐入手 运行速度：很快，非常流畅 外形外观：耐看大气，高档
6824,这款手机使用体验很好，摄像头拍照效果非常出色，红色款颜色也非常美观。虽然摄像头突出，但手感很好，没有沉重感，整体较轻。手机壳也很好看，很舒服，不需要再花钱去配置了
6825,外形外观：红色的外观超酷的，我觉得手感很好，满意 拍照效果：蓝厂摄影一直是顶级的，特别推荐，非常满意 运行速度：至尊版的不用说了吧，非常丝滑
6826,一路从60pp用到现在，一年一换，没怎么让人失望过。这一代v单的确有不同，许久未见的红色配色很有质感。一直担心的摄像头凸起其实没很很离谱，不做摄像头过渡的设计反而有辨识度。让人更加期待下一代了。 以旧换新：愉快地以旧换新，京东vivo都是好样的。 外形外观：外观质感很好，终于不是大曲屏了，让人欢喜。 拍照效果：拍照方面的风光整合更方便了，还没有机会试验星空模式，期待一下。新加的nc滤镜味儿很足，喜欢。
6827,x200u 镜头凸起挺大但是拍照强的可怕，超广和 35mm 主摄好评，这代屏幕也升级了，搭配全胶钢化膜手感很好，目前遇到问题还有些 bug 系统层面的，等待后续优化吧。
6828,上大学的时候买的第一款手机就是Vivo的X21屏幕指纹版，好像也是第一批带有屏幕指纹解锁的手机，现在不知不觉已经到Vivo X200系列了，时间过得还是蛮快的，希望以后Vivo也可以越来越好。 手机整体使用非常丝滑，没什么问题，造型个人也非常喜欢，镜头模组可能确实比较高，不过带上手机壳后也没有特别感觉，用了几天下来感觉还是很不错的，有喜欢的也不要犹豫了，冲冲冲！
6829,外形外观：第一次尝试买红色，原本担心太红，但是这个红色非常好看沉稳，很耐看 拍照效果：拍照效果不用多说，就是冲着这点买的 整机非常高档，爱了爱了
6830,手机手感不错，拿着时手指刚好抵住。拍照强，专门买来拍娃，关掉美颜，很自然，出门带相机麻烦，手机效果也可以媲美微单。苹果换过来，系统某些方面和苹果挺像的，使用很顺畅。
6831,舍弃刚买了半年的粗粮转投了蓝厂，拍照效果没得说，尤其是望远和长焦夜景，而且现在随手拍直出效果最好的真得是蓝厂了，超大杯棒棒哒，骚红色棒棒哒，今年最有辨识度的颜色，不是那种亮红或艳红，男的拿也不违和哈哈
6832,嗯，vivo的旗舰机挺好的，特别是摄像头完美无瑕，功能齐全，vivo手机好用，先后买了好几台vivo手机。 外形外观：红圈颜色质感都很好 屏幕音效：声音效果好 运行速度：运行速度快
6833,品控一般，背部轻微瑕疵
6834,试用几天下来说下感受： 1自带蓝厂终于用上好屏了，2K屏清晰舒服，系统流畅，丝滑，BUG 少 2三主摄拍照不错，特别超广角，拍视频也是顶级 3外观设计见仁见智，三大底主摄导致凸起高，机身手感还行。
6835,vivo x200 ultra是今年买到最满意的手机，35mm焦段拍人文真的太合适了，加上相比上一代更大光圈的长焦，扫街时真的不要太爽，更新的负片模式更是有点富士相机的味道了，侧面相机按键可以调曝光好评！很喜欢银调的配色
6836,拿到手真的很喜欢呀！29号发货第二天就收到了，速度非常快。因为冲着影像来的，马上试了一下拍照功能，不得不说真的很专业，连续玩了2个小时哈哈哈哈。系统也非常流畅！很满意，全家已经变成vivo的粉丝了。
6837,外形外观：这个红色非常喜欢 很高级的红色 摄像头周围一圈红线也很帅 虽然这代摄像头凸起挺多 但是握持久了就习惯了 毕竟超大杯 拍照效果：拍照特别强悍
6838,这颜值真的很高，很精致，手感也不错，没有头重脚轻的感觉刚，拿到的时候爱不释手。拍照很强，有摄影爱好的人可以入坑
6839,外形外观：背板红色特别好看，暗红色很有质感，像是在一层透明玻璃下面 拍照效果：默认焦距和以前不一样，需要适应，适应后照片成像很好 运行速度：骁龙8e没的说
6840,外形外观：相当好看 颜色也很舒服 屏幕音效：很细腻的显示效果 外放声音也不错 拍照效果：很精致 很美 运行速度：橙子5基本没问题
6841,vivo X200 Ultra用着真挺不错！外观精致，素皮材质手感好。性能强劲，运行游戏、多任务都很流畅。影像超绝，主摄和长焦镜头拍照细节满满，模式还丰富。6000mAh大电池加闪充，续航没烦恼。就是有点重，长时间单手握持会累 。
6842,外形外观：手机很有质感，镜头模组特别大，很有相机的感觉。机身没有想象的那么厚，手感还可以。 拍照效果：拍照一绝，每一次快门都是一帧风景，三摄都很强。依旧属于最强的拍照手机。
6843,外观手感：外观手感没得说，非常有质感 拍照效果：拍照效果吊打其它家Ultra 运行使用：运行非常流畅 屏幕音效：屏幕终于第一梯队了 充电续航：充电续航妥妥第一梯队 信号通话：信号通话非常稳定
6844,用了几天，好用，x100ultra换过来的，系统流畅。不愧是影像灭霸，拍照和视频效果很赞。视频比x100u进步巨大。摄影小白也能拍出大片。很喜欢。
6845,外形外观：外观非常好看，是我喜欢的类型 屏幕音效：屏幕看起来很舒服，音效超级棒 拍照效果：拍照效果很绝啊 玩游戏很流畅，待机时间也很长，续航高。非常满意🈵
6846,拍照效果：完全可以用惊艳来形容。 运行速度：必须一如既往的行云流水。 其他特色：影像旗舰一直是我最爱的，拍孩子和老婆唯一指定机型。 屏幕音效：今年也是顶配了，显示效果天花板了。
6847,用了几天才来评价，手机质感很好，拿在手里温润如玉，观感很好，在看后面，大大的镜头模组很有辨识感，格栅的样子，摸上去却是平的，好看，我从苹果换过来，系统流程，没有不适，好评好评。
6848,外形外观：裸机外观还是比较酷的，送的手机壳也还不错。 迅速用换机功能，传输速度很快，而且发热量接近无，对比我目前用的手机，它赢了，充电速度目测比较快的。
6849,外形外观：银色真的太好看了，很有质感 拍照效果：长焦太棒了，负片滤镜真的很出片 待机时间：6000的电池，我低度使用的两天一充很给力
6850,外形外观：非常好看，感觉拿到手里面质量非常好 屏幕音效：品质也是一级的吧，屏幕很护眼 拍照效果：拍照很清晰，毕竟是旗舰 运行速度：非常的快，下东西一点都不卡 其他特色：让用户非常的开心
6851,外形外观：红圈的外观很漂亮，在各角度呈现不同的光泽色彩，非常特别。 屏幕音效：屏幕护眼功能出色，看久了眼睛也不太酸涩。 拍照效果：如同发布会所展现的，拍照录影出色得非常令人惊艳！
6852,手机收到了，这个红色真的太好看了，很有质感，裸机手感贼好，拍照清晰，通透，喜欢，这个镜头模组是真的越看越爱
6853,这款手机拍照效果绝了！随手一拍都像大片，夜景清晰色彩自然，堪比单反。对焦快、美颜自然，出游记录日常超满意，值得推荐！
6854,系统流畅，外观新颖大胆。这次主要提升是改进了屏幕的形态，变成四微曲，手感很好，屏幕也升级到高频调光，更护眼。振动马达也有提升，比上一代震感强一些。还新增了一个拍照键，拍照启动更快了。
6855,拍照一流。相机成像非常好，面容和指纹解锁都很顺畅。手机壳，手机膜都全部标配。屏幕尺寸刚好。手感非常舒适。待机时间应该不错。
6856,整体质感不错，拿在手上很有档次感，屏幕显示效果清晰细腻，色彩鲜艳，视觉体验都很好。拍照功能强大，35mm人文主摄拍出来的照片很有质感，细节丰富，尤其是夜景模式，噪点控制得不错，整体画面干净明亮。还有长焦镜头，拍远处的风景也很清晰。系统流畅度高，打开应用基本没有卡顿，指纹解锁速度快。
6857,外形外观：屏占比很高，2K屏确实很顶 屏幕音效：外放扬声器声场很强 拍照效果：拍照就是毋庸置疑的旗舰级MVP的，放眼望去无人可挡 运行速度：高通最强芯片对于各种使用场景绝对稳稳拿下
6858,以旧换新：以旧换新真的方便又实惠，用上新手机真开心。 外形外观：银色好评，背后还有条纹，比想象中更漂亮！ 屏幕音效：直板屏感觉很清爽，拍视频音效很好，完美记录家人的欢笑声。
6859,期待已久的vivo X200Ultra第一时间到手！ 机身整体质感比想象中好，系统也更加流畅。 用了10多年的小米，成功转型。 外形外观：对于我来说是非常可以的，对比了三家手机。
6860,看到了这款大屏幕，以旧换新了。手感还不错。现在国产品牌也是越来越牛了。目前刚收到几天用着还不不错，没问题。颜值白色很干净。还送的手机壳。挺好的。拍照效果非常不错。最担心的就是摔坏。一定要小心一点。大屏幕显示颜色也很好。继续用着看吧。
6861,一直听说vivo手机的拍照功能强大，名不虚传，现在出去旅行拍照全都是vivo的任务，大片直出，都不用修图了，人像，远焦，夜景没有短板。手机本身也是精致感十足，白色跟小姐姐气质很搭。
6862,vivo x200 ultra这绝对是今年最好的拍照手机，银色格栅是在玻璃里面，非常好看，屏幕也很好，这次手机壳质感也很好
6863,心心念念的vivo X200 Ultra等了好多天了总算收到了~简单开个箱，第一感觉就是质感挺不错的，白色真的好看，尤其搭配上格栅的背板装饰，就有一种很高级的感觉，这次官方送的壳子也蛮好的，然后这个摄像头模组一看就很猛！五一假期可以出去好好拍照了~
6864,外形外观：非常棒的手机，摄像头超大，而且像素非常好，中午就用风景模式拍了一张，非常出片。 运行速度：16＋512的，运营非常流畅，嘎嘎爽。
6865,黑色外观大气，手感不错，如果是直屏就完美了。手机影像天花板，蔡司主摄，拍照很好。骁龙8至尊版处理器， 系统流畅，不卡顿。重度使用下一天两冲够用了。打游戏也不错。
6866,这次x200u颜值超高，机身轻薄手感好！骁龙芯片运行流畅，屏幕高清护眼。拍照主摄清晰，自拍自然，夜景也很棒。6000mAh电池续航强，快充方便，很满意，推荐！
6867,"做工精致，手感很好，摄像头显档次，随手拍了照片和视频，非常满意清晰度,质量以及防抖都很好，这次详细对比过后选择了x200 ultra非常正确"
6868,去实体店摸了一把回来就果断下单了。这一单拍照和摄像太牛了，夸张的镜头值得拍出很好的照片，信号和续航还要测试一下，这个屏幕素质比上一代好1点，我感觉
6869,终于用上了，哈哈哈，体验了2天才来评价，之前一直没有用过vivo，今年的旗舰机真的让人感到很惊讶，屏幕，摄像头，性能真的没的说，做工很棒，这大大的摄像头拍照很好看，喜欢，售后还有服务也挺好，物流也快，不过希望后面能换成直屏，不过这个曲率也能接受
6870,vivo x200u目前最强影像旗舰，长焦遥遥领先同行，像数优秀，屏幕素质很高，丝滑细腻。6000大电池，没有续航焦虑！
6871,很不错，拍照很强，新机子很丝滑流畅，手感这块反正都是带套子用，所有的机子带上套子都差别不大，把拍照录像做好就可以了。
6872,拍照效果：拍照真的很好看，不愧是旗舰机！ 屏幕音效：屏幕还可以，不是敏感者，声音的话，听不出，都是听个响， 运行速度：反正比我的三星快&hellip; 待机时间：续航蛮久的，充电也还可以。
6873,使用顺滑，手机巡航非常好，照相功能相当厉害，算法很牛，非常满意 以旧换新：价格划算 外形外观：挺好的，摄像头模组有些厚 屏幕音效：满意 拍照效果：非常好 运行速度：流畅
6874,假期回来就拿到手机，用了几天，开始习惯vivo的系统啦。之前一直用的苹果和华为，这次因为影像转战vivo，体验下来觉得真的很不错！ultra的外观做工看起来很高级，系统也很丝滑，2k屏显示非常细腻，微曲屏显高级有手感非常舒适。 研究了两天也把主题改到了自己喜欢的可可爱爱风～～ 唯一美中不足的是现在vivo的live photo不支持上传到云盘保存，但是可以发微信票圈，微信也可以看live～后续更新如果可以有改进那就最棒啦（vivo的产品同学请看看我）
6875,外形外观：超炫的 期待了很久了 终于到手了 运行速度：橘子系统 很流畅 你值得拥有 哈哈哈哈哈哈哈 等了好几天 颜色很棒 很neci 外观设计很时尚大气 手感不要太好 很喜欢
6876,手机颜值很好看，用起来也很便捷 电池也耐用 外观也好看 很喜欢，而且用料扎实，芯片很好，尤其是摄影功能，真的很不错，强烈推荐
6877,外形外观：白色非常简约手感非常不错 拍照效果：非常好，买这个手机就是奔着拍照去的 运行速度：非常快，骁龙8至尊果然名不虚传
6878,外形外观：这次银调设计很时尚，质感特别好 屏幕音效：这一代屏幕色彩和显示素质都很强 拍照效果：拍照不用说，最强拍照旗舰机 待机时间：续航也很强
6879,我原本只想找一部拍照功能强大的备用机，对其他性能没抱太高期望。但这部手机超出了我的预期，它的表现让我整整一个星期都没有拿起过我的主手机。拍照效果令人惊艳，而且使用流畅，电池续航也让人满意，真是一部值得推荐的好手机！
6880,外形外观：银色条纹很酷，送的手机壳手感不错 屏幕音效：屏幕看着挺舒服的 拍照效果：秒杀苹果，一键出片，不需要后期 运行速度：很流畅 从15pm换到vivo200u，基本没有不适应
6881,手感质感非常好，原本以为凸起的摄像头比较影响手感，但实际使用下来其实并没有影响。影像效果非常不错，整体下来非常满意，可惜现在还买不到摄影师套装，希望赶快上架！
6882,使用有一段时间了，OriginOS 的审美一直在线。屏幕清晰色彩细腻，观感很好，眼睛很舒服，意外之喜。运行流畅不卡顿，续航给力。拍照非常清晰，夜景表现出色，非常喜欢！
6883,外观：非常巴适 骚红色显眼包 哈哈 材质：细腻 带纹路手摸着很舒服都舍不得带壳了 性能：还不错 其实用不到这么好的性能 系统很流畅 摄像：长焦强无敌 拍照效果非常好
6884,摄影师套装很强大，非常好用，很喜欢，一直用vivo ，拍照非常细节清楚，长焦绝了，真好用，情绪价值拉满，橘子系统也很不错，很流畅，是一款值得购买的高端机型
6885,待机时间：续航比xfold3p好太多了 不用担心电量 运行速度：8e性能很强 外形外观：镜头模组过大 拍照效果：很出片 特别是负片模式很赞
6886,比起之前用的iPhone有质的飞升，这照相能力差别太大了。相机确实是第一梯队，然后跟朋友的p80比起来各有千秋，我觉得咱们这个长角还稍微占一点优势，用起来也非常的流畅，这个手机觉得挺值得的，可以让你非常有拍照的欲望
6887,外形外观：外观很好看，大气，颜色也是我喜欢的颜色 拍照效果：拍照很好看，手残党分分钟能出大片 运行速度：新手机运行速度一流，主要是摄像头太大，手机很宽，不好抓机
6888,第一次用vivo，对vivo的印象一直停留在低端机上，没想到这么好用，拍照一流，运行丝滑。看着很大，拿到手里挺薄的，手感很好。
6889,外形外观：红色超级好看，十分推荐，拿在手机也挺好！ 以旧换新：官方通道，十分快捷，当天就有人上门，一点不拖沓！ 拍照效果：五一出门拍了好多张，拍照杠杠的！
6890,外形外观：非常漂亮，白色设计感很强。不愧V单的宣传。 屏幕音效：屏幕质量很高，比老手机强很多，而且可以设置不同的护眼模式，很不错。 拍照效果：没得说，毕竟最强摄影摄像。蔡司影像大家都很喜欢。
6891,屏幕大，屏幕清晰色彩丰富，拍照强， 外形外观：摄像头很强大 屏幕音效：屏幕不错，很亮很清晰 拍照效果：拍照清晰 运行速度：运行速度快， 完美的产品，买了保值换新，希望来年u300ultra更强
6892,外形外观：白色看着后背有条纹，摸起来没有条纹感，很舒服 拍照效果：非常棒，是我用过最好的拍照手机 运行速度：很棒很棒，多开不卡顿
6893,收到vivo X200 Ultra后体验很满意！屏幕显示细腻，拍照效果堪比相机，夜景模式特别清晰。电池耐用一天不用充电，运行速度超快不卡顿，机身设计高级感十足，日常使用和拍照都很顺手，值得这个价格。
6894,以旧换新：从iPhone15p换过来的，用了一天体验很不错！ 外形外观：等深四曲面效果和直屏感觉没啥区别，手感很好，圆形奥利奥饼干头也很好看 拍照效果：拍照很好看，负片滤镜效果yyds！
6895,说实话第二次购买vivo，第一次体验感很不好，但是vivo 200整体来说摄影，运行方面都很满意， 拍照效果：很满意，比较前几台手机更好 运行速度：满意，最起码不会app 卡顿
6896,订单页显示5月6日前发货，结果28号就发了，这点必须赞！体验了一天感觉良好，系统非常流畅，摄像头的凸起程度我完全可以接受，另外官方送的手机壳意外的很不错，好看手感也好。
6897,X200 ultra 红色非常高级，质感很棒！屏幕，电池，质感全面提升！三颗摄像头成像素质非常棒，相较上一代，清晰度更高。视频变焦顺滑不卡顿📸(^_^)
6898,就这样静静地躺在小方盒里，精致无比，比开箱x100u的时候精致多了。开机第一眼这屏幕就直接爱上，相比上一代超大杯的屏幕，这代观感直接提升到珠峰高度，无与伦比！
6899,非常棒的手机，冲着拍照去买的，果然拍照强大。白色很漂亮，origin系统很好用，蔡司风格很喜欢。演唱会神器，五一可以拿着去拍演唱会了😂
6900,服务∶一次很好的购物体验，服务周到，物流快速，配送也很周到，客服态度也很好。 体验∶200U拍照和摄像确实可以，系统也是一如既往的流畅。但还存在一些小bug，希望早日修复。 性能没问题，耗电中规中矩，拍照或录视频耗电较快，希望能尽快进行优化，提升日常使用体验。 屏幕音效：屏幕可以，显示效果和护眼都做得不错。 外形外观：挺不错的。
6901,我非常喜欢这款Ⅹ200ultra的红色，颜色鲜艳又大方，拿在手里特别有质感。操作流畅，性能强劲，拍照功能尤其出色，是我用过的手机中非常满意的一款。电池续航能力也很强，整体来说，这是一次非常值得的购物体验。
6902,一直都是用得ViVO手机 国产手机值得信赖 拍照效果：拍照像素非常清晰 完美 以旧换新：IQOO 10以旧换新买的这款黑色 快递很快 上午买 下午就收到了 新机和回收同时一起的 外形外观：很喜欢这款手机拿着手感不错 高端大气
6903,买的红圈，这个颜色实物到手看到的比官网图更惊艳，很喜欢这个颜色，手感也很好没有不适感。各镜头拍摄的照片和视频比之前用的x90pro+强太多了，色彩饱和出片效果很不错，可以媲美相机了
6904,终于用上了😁前期做了很多工作，最终选择了这款vivox200u，颜值高，流畅，最主要摄影太强大了，拍摄很出片，随便一拍就是大片，用过这么多部手机，这是最喜欢的一部，没有之一。
6905,以旧换新：苹果用户转过来的以旧换新很划算 外形外观：外观大气带上原装壳非常好看 拍照效果：拍照非常厉害，爱上了 待机时间：比之前好多了，感觉可以一天半一充
6906,已经观望vivox200u很久了，发布之后没几天就直接入手，橘子5很流畅，相机也很强大，电池挺耐用的，中重度使用一天1.5充。个人觉得相机这个大小正好顶着手指头，手感还是不错的
6907,使用特别好，我已经成为vivo粉了，拍照一流，屏幕一流，系统一流。超棒！！！！快充也很快，然后使用的时候也不热，系统流畅，拍照厉害。全方位的顶级旗舰！
6908,红色yyds，很帅很帅。真机比图更好看，也很有质感，手感也不错。拍照视频都很不错，并且系统更的很勤，目前一星期更一次，好评! ! !
6909,4 月 29 号准时发货，已经收到两天了。这次的白色背板图案好看，另外除去镜头DECO部分的手感竟然很轻薄。拍照操作界面也有优化，新增加的负片滤镜也很好看！
6910,用了一周了，感觉挺好的，主要是为了相机去的。多远都能拍，对我一个摄影小白，够用了，比买个单反合适，哈哈。
6911,很不赖，目前独一份的广角和主摄一样的底，独一份的35mm主摄，长焦是一般水平，hp9，很多手机都在用这款潜望长焦
6912,从苹果换过来，第一次尝试vivo的超大杯，刚开始看测评以为镜头会很凸出影响手感，拿到手感觉手感也还好，拍照效果的确是强很多。随手拍了几张，原图直出，长焦的确是很好。 外形外观：外观也挺好看的。 拍照效果：拍照效果很好。 运行速度：运行速度很快，没有什么卡顿的地方。
6913,自带的手机壳手感不错，后盖凸起可以接受，35mm主摄清晰度很高，裁切到50mm也很好，新的负片滤镜好看，能再出几个就更好了，长焦放大后算法痕迹不算很重，照片如图
6914,外观漂亮，特别是红色这款，速度非常快，操作简便，系统流畅，拍照非常好，广角镜头收景面积明显比其他手机多，使用中正在探索其他功能。
6915,收到货就迫不及待的开箱了。真机真的好精致，握持感也很棒。而且手指刚好可以承接在摄像头下方，反而小拇指可以省点力了。而且手机拍照真的好棒，以后要多拿些拍着照片了。
6916,红色x200u 显大气 质感很好， x100u保值换新用户安全下车。 但整个过程真的是问题太多了 各种权益流程差错百出 vivo真的这一点你得改。 手机功能本身 很强大 特别是x100u 外观设计的问题在这一代得到了很大改善。
6917,VIVO的新一代灭霸太强啦，拍照防抖变焦画质非常好，物有超值 外形外观：漂亮好看 拍照效果：清晰 运行速度：非常快
6918,手机做工很好，镜头虽然厚但是就喜欢这种设计，拍照效果比上代进步明显，主要是运算速度快了很多，35毫米的视角也比以前23好用多了，屏幕提升巨大，终于不是艳丽偏色的屏幕了。最重要的是送了一个实用的八爪鱼三脚架还带补光灯且可调色温！值得表扬， 个人建议在拍照画幅比例中增加一个3:2的比例，因为APSC画幅相机也是这个比例，最重要的是最常用的6寸相纸也是这个比例，打印出来可以完全覆盖不留白边。
6919,外形外观：摄像头凸起，拿在手里还可以。 屏幕音效：屏幕还不错，显示真实。 拍照效果：第一次用，还需要多练习。 运行速度：速度比旧手机快！ 以旧换新：很方便也很快！
6920,新手机收到了，拍照效果总体有提升，特别是新增的拍照侧边快捷键，可以无需解锁，快速打开拍照功能，同时能够通过滑动实现焦距放大缩小，对手小的用户特别友好，小惊喜的功能键
6921,从x100u保值换新过来的，体验不错。屏幕进步很大，四曲面手感很舒适，可是角度好很多，没有偏绿，影像还是一如既往好，超广角提升明显，主摄和长焦还是第一梯队。
6922,外形外观：整个机器外观我个人是很喜欢的，镜头凸起但是手感也很好。 拍照效果：拍照效果没的说，很强，非常强 待机时间：日常使用我目前能够早上出去晚上充电，比我以前手机续航好太多太多。 运行速度：橘子系统还是非常流畅地。
6923,对比上一代 感觉手感更好了，机身很漂亮，拍摄视频效果很好，综合各方面都有了进一步的提升，配上大电池还有骁龙8至尊版，体验很好。
6924,外形外观：外观很有辨识度，摄像头模组虽然凸起很明显但是重心控制的还不错，长时间手持也不会感到很累。赠送的手机壳也很有质感，相当良心 拍照效果：拍照效果目前感觉不错，人像等比之前用的x100pro感觉到明显提升，其他风光摄影等五一外出尝试后再详细评价啦。
6925,这款确实是非常出色的旗舰手机呢！它不仅拥有 6000mAh的超大容量电池，而且手感特别好，玻璃后盖摸着非常舒服，而且不沾指纹屏幕清晰度非常高，手机系统非常丝滑，值得一买！！
6926,首发购买的，外观很精致，银白色很漂亮，手感感觉比x100pro要好点，宽一点，屏幕形态变了，微曲，手感不错。拍照效果很惊艳，35mm需要适应一下，拍照建挺好用。整体非常满意
6927,外形外观：红圈简直无敌，很高级的红色，看上去很高端 屏幕音效：屏幕是2k屏，观感不错 拍照效果：3个全是主摄，超广角相当不错，拍照相信vivo就没问题
6928,外形外观：手机颜值很高。 拍照效果：拍照很清晰，随后会配一套摄像套装。 运行速度：运行速度非常快，玩王者效果全开都不卡顿。
6929,除了镜头比较凸之外，手感很好，带上壳之后镜头就没显那么凸。超声波指纹响应速度快。相机拍照很清晰，特别是超广角，拍照录视频都是第一梯队的，焦段很适合拍vlog。
6930,外形外观：红色质感很好，边框控制的还不错 屏幕音效：屏幕应该是ultra里观感最好的了 拍照效果：35mm主摄很有特点 运行速度：骁龙8至尊很流畅
6931,第一次买vivo手机，冲着拍照性能来的，目前看还不错，就是长焦防抖得好好在优化一下，长焦拍，手抖容易糊。到货就迫不及待打开了，果真没有让我失望，质量特别好，颜值也相当高，满意的一次购物
6932,赠品没有按时发送，没有诚信，手机暂时没有问题。
6933,拍照效果：拍照效果非常好，不愧是V单 外形外观：屏幕很大，看起来很爽，整体手感还是蛮舒服的，不会显得太重 运行速度：目前用了几天还是很流畅的，没有卡顿 其他特色：边上的拍照按键用起来很方便
6934,外形外观：很好看，就镜头大了点。 屏幕音效：目前国产屏里最好的了。 拍照效果：比之前用的100u有所提升 运行速度：丝滑流畅 待机时间：跟上代相差不大。
6935,手感很轻，没有因为摄像头大而头重脚轻的感觉，系统运行流畅，过渡动画流畅不会有卡顿的感觉，多了很多以前没有的新功能，拍照很清晰，总体来说还是不错的
6936,非常不错的机子，拍照很好看，特别是人像，在外部长焦加持下，远射也非常的清晰，非常适合觉得相机太重平时又需要带着一个机子以备不时之需的朋友购买。
6937,屏幕效果看着很舒服，看着很大实际上握持手感还不错，重量和x100pro类似但是手指可以卡在镜头那托住😂，反而更好拿了 夜间拍照效果还是很强的，这次超广角的提升好大👍👍👍
6938,拍照确实是很不错，比我之前那部华为遥遥领先拍照要好看很多！不会是拍照的天花板手机！
6939,咱在京东自营店铺买东西，这次买的手机非常好用，给给女朋友用的非常好用，非常喜欢拍照，非常的好，手机手感非常好，白色的很好看。v v o的系统很流畅，非常好用
6940,外形外观：好看 屏幕音效：音质很棒 拍照效果：手机中的第一 运行速度：快的比战斗力都快
6941,vivo X200 Ultra真是全能旗舰！外观设计时尚，拍照影像功能相当强大，续航出色。京东物流效率高。
6942,VIVOX200手机使用体验极佳，拍照清晰稳定，音质超棒，外观时尚大气。商家服务态度好，发货迅速，非常满意！
6943,关注了好久的手机，终于等到双十一降价了，立马就下单买了，用着很流畅，拍照绝了，果粉转的
6944,用的还行，这个手机vivo它做的软件呢，硬件拍照各方面，我觉得都还是挺不错的，我觉得它应该是这种旗舰比那个X300 Pro应该要更好一些，所以以后呢，可以买一些旗舰机，我觉得使用体感不错
6945,这款手机非常实用，首先它的重量相对较轻，这对于长时间使用来说非常重要。其次，它的摄影技术非常出色，无需质疑。
6946,店铺买东西物流非常的快，非常给力，这是买的v v o手机是给我的小孩子用的拍照非常好看一家人都用这个牌子的手机非常好用手感也不错白色的很好看
6947,发热控制有待提高 服务态度优秀得没法说，有求必应。配货速度极快，很快送达。包装精美有质感，十分用心。商品功能强大好用，质量超棒，赞赞赞！
6948,白色的手机比较好看，第一次用vivo的手机，感觉质量比华为的也倒差不差的，做工质量都还可以的。
6949,很不错 首发试用优化没优化好 现在双十一再入手感觉优化好多了，而且比300pro强 底很大
6950,vivo我们全家都在用，很不错，非常喜欢，值得购买，(*^__^*) 嘻嘻&hellip;&hellip;物流和产品都不错，性价比高，赞赞赞👏🏻👏🏻👏🏻
6951,好不容易抢到了这个摄影师版，这个红色的质感是超出我预期的，磨砂质感很棒，然后配着这个外挂摄像头真的很好，特别适合给妈妈买来出去旅游拍着玩，主要一点也不沉，当然专业党可以绕路了
6952,外形外观：买的是红色，实物外观有渐变感比预料中更加讨喜，后盖微磨砂感指纹印残留较少，镜头模组红圈可圈可点，预想中的机身头重脚轻并没有出现，整体握感比预计好。 屏幕音效：屏幕感官显示效果十分出色，暂时没遇到网上反馈的问题。 其他特色：外包装很好，整体很精美，赠送的保护壳与机器本身十分配套，手机壳的高于摄像头模组与屏幕，能取到一定的保护效果，手感也不错。 拍照效果：随手试了下，反正是比我现在手持另一台强很多，视频录制效果提升巨大，可玩性高。
6953,关注X200U很久了，红圈和银调选择纠结了一段时间，也挺喜欢红圈的，但感觉过于显眼，终于买下了银调，后镜头突出，刚开始拿着手机不太习惯，后面慢慢习惯就好了，直接上顶配内存，不再像以前的128储存烦心了，系统很流畅，拍照，视频等等都很强大，大致上都玩耍了一天多了，没啥问题，很好用，非常喜欢
6954,第一次用vivo手机，这个暗红色的x200u到手真的好看，质感拉满，重量和其他ultra机型差不多，机身很薄，镜头比较凸起，握持时候拿着反而有支撑作用，最喜欢互联功能，和iPhone配合使用太舒服了，再也不用担心骚扰电话和漏接信息了😁
6955,外形外观：买的红圈这款，非常好看，很高级的样子 屏幕音效：色准很准 拍照效果：一贯的vivo风格，影像超强者。但感觉美颜没有上一代好看了，可能是想保留多一些细节吧&hellip;希望软件升级再调调 运行速度：超快超流畅 待机时间：还行吧，没仔细测 其他特色：视频功能很强
6956,手机机身不厚，镜头凸起部分竖屏使用还可以垫一下手指，电池非常耐用，拍照挺好看的，视频功能真的不输苹果，超广角录视频，挺方便的，长焦拍照十倍之后的画质还是非常好用
6957,vivo ultra 影像系统很强大，日常拍摄够用了，35mm 够用，人像模式有点意思，可以调光圈大小，出来的景深效果也还可以，可以在杂乱背景下虚化杂物。 试了下长焦，很厉害，但没啥场景用。😀 有机会多玩玩。 系统很好用，性能强劲，vivo 值得信赖。
6958,从 x200Pro 置换过来的，用了有一周。最大的感受，一是负片模式很赞，还有就是全焦段可用，一致性很好。 其他系统上感觉更流畅，屏幕素质也很不错。五一带着出去拍了几张照片，随便一拍效果都很不错。
6959,外形外观：质感非常好，银白色的很有金属感 屏幕音效：屏幕形态终于追上来了，等深微曲屏，2k分辨率，很通透。音质不算顶级，还能接受 拍照效果：拍照一直都是各超大杯里的大哥，杠杠的，十倍往后概率会糊 运行速度：没卡过 待机时间：续航很满意，比我原来的好太多了
6960,发布当天早上准时拿到手，之前用过的X90 Pro +，14u，对我来说提升很大，包括相机的可玩性，长焦很棒，35mm人像效果也更好，ai视效更有趣，更想去拍照了，屏幕非常好，设计夸张但是手感还是很棒的，续航也在旗舰机里表现不错的，vivo的系统还是很棒的，很好用。买了保值换新，还是很划算的
6961,X100Ultra过来的用户，到手第一个感觉就是手感比上代手感好多了，重量感觉病轻，实际上参数重量差不多估计就是重量更均匀了。高凸的后摄像头带上手机壳之后丝毫不影响手感，非常满意，同样的位置同样的焦段，比上一代望的更远更清晰，点个赞。选的保修套装，打算使用个两三年了。更重要的是使用了政府补贴直减了600，哈哈，非常满意。
6962,从x90pro+换过来的，主要还是看中了这个三主摄，说实话x90pro+的主摄一英寸太广了，一年拍照也用不到几次，所以这次更新35mm主摄，真的是非常的合心意。 选的白色入手沉甸甸的，非常有质感，送的手机壳也不错，就是这个充电头，都25年了用的还是A口，现在一千多的手机也C-C了吧，一个旗舰机也真不知道咋想的，还是A口的充电器太多了清库存。
6963,拍照效果：解析跟画质拉满了，细节很到位，光影处理的也很好，不管是拍人还是拍物都是非常好的，蔡司自带的镜头镀膜+AI处理以后直接生图直出，不需要修图效果都很喜人，广角裁切的恰到好处，不像以前一样畸形视角根本没法看，长焦也很均衡，总之是非常好的一款拍照旗舰了。 待机时间：新机到手一天一充，中度使用早上8点半出门，晚上8点还有28的电量。充电速度一般，出厂版本开了秒表计时19的点充到100%涓流完成提示拔充电器用了41分钟，估计就70W左右的功率。。 外形外观：镜头模组确实大，戴上手机壳之后跟块搬砖一样。 屏幕音效：屏幕素质还行，光凭肉眼本人是看不出来好坏，外放音质比iQOO13稍差。
6964,x200ultra绝对是这几年vivo家的集大成之做，为了摄影特化的作品。真的可以说是V单。配合拍照套装，我加了cpl真的很有点唬人的专业感，本身色彩已经很好了加上cpl消除反光很好看了。长焦增距镜也非常实用，打鸟拍人像都很好用。虚化效果也增强了。镜组凸起我觉得还行，毕竟机身也薄了。续航感觉一直拍照录像一天还是得带充电宝的。1t应该够折腾好久了。录像防抖可以的，很稳。高码率 log啥的还在研究，真的一部手机都够折腾好久啦。
6965,家里买了很多的vivo手机，老人用的是iqoo neo从7，8，9都有，从vivo x90pro+开始，就被vivo的外观惊艳到，尤其是这个红色，再到x100u，但就是内存小了点，后来也卖了，这次新出的x200ultra也是毫不犹豫第一时间买入了，主要是被vivo的外观惊艳了，更加完美了，尤其拍照，这款拍照比以往的90和100好太多了，新加入的按键模式，使拍照更简单了，照片也是很出彩，听说很多摄影协会的人也买了，祝vivo越做越好。
6966,手机用了 6 天了，总体来说很强，没啥可挑剔的。外观是三个超大杯里最喜欢的，性能作为超大杯来说也没啥好说的，影像应该是 vivo 目前最强，三个主摄三个常用焦段，白平衡一致性，录像防抖，都是当前最佳，拍照键也是可用性最佳的，唯一不爽的可能就是贴膜了，希望下一代可以进步，跟上主流。
6967,外形外观：很喜欢这次的的红色，特别有质感😍 屏幕音效：屏幕一眼看上去感觉比 pro 更亮更细腻 拍照效果：拍照还是一如既往的优秀！ 运行速度：配置也是拉满了，满意满意😁
6968,vivo的老粉了，首发冲了vivo X200 Ultra保值换新，发货很快，五一前顺利收到。白色拼接很养眼，握持手感还行。橘子5依旧保持水准，流畅贴心。拍照效果很可以，性能强劲，运行流畅，玩游戏毫无卡顿。电池续航给力，充电速度也快。目前很满意
6969,以旧换新：很划算，也很方便 外形外观：这一代的，更加喜欢 拍照效果：清晰📸(^_^)，演唱会神器，下一代也可支持vivo 运行速度：贼快，贼爽，一代强一代
6970,在实体店体验了一下白色，但网上白色要预售，15号发货，黑色有货，马上改黑色，实体机黑色比较高级，超出预期。拍照好看，操作丝滑，很满意的一次购物。
6971,手机到手了，和老手机比拍照提升非常大，长焦都可以拍机了，微距模式也很不错。摄像头虽然大但是正好握持的时候卡住手指，手感比想象的好很多。还有很多赠品也挺实用
6972,之前就入手过x60pro+，拍照确实很不错。这次看到&times;200ultra，又心动了，果断入手，没想到这个卖的太过火爆了，我昨天才收到货。 到手体验了一天时间，原以为这个大摄像模块的原因，手感会不怎么好，但到手之后，感觉手感其实还挺不错，很有质感。 此外，像系统、屏幕素质、拍照、录像、续航等等方面都非常不错，因为之前就体验过橘子系统，所以到手后也没有很大的学习成本，上手很容易，综合来看，符合灭霸的定义！ 随机附送的壳子手感和质感也很棒，属实是是下了成本的。
6973,到手之后，质感很惊艳，太酷了，摄像模组打游戏不太搁手，王者最高画质120帧稳得很，拍照一如既往的第一，视频录制效果比上代有明显提升。
6974,手机还是很好用的，挺薄的，而且系统也很好用，用了十年苹果了，转vivo 很适应，感觉比苹果好用呀，拍照很好，也很有质感 外形外观：好看，红色高级 屏幕音效：屏幕没有苹果好，但整体也很好，能接受 拍照效果：超级好 待机时间：充电很快
6975,外形外观：vivo X200 Ultrat拿在手上非常有质感，外观辩识度高， 拍照效果：本来就是冲着拍照好才入手这手机的，没有令我失望，拍照非常强大。 系统远行丝滑，电池续航长先电快。
6976,红色及其惊艳，很有质感， 以旧换新：用iPhone换的，手机保护好屏幕和外观，基本不会被砍价。 屏幕音效：屏幕没有明显偏色，也没觉得人们说的那种太艳丽，音效左右上下喇叭，很响亮不破音。 拍照效果：14和85大底，懂的都懂。
6977,手机整体不错，比较均衡，在别家都阉割超广角的基础上，200u 升级了超广角，加大了产品竞争力。屏幕有提升，系统一如既往的好用，在录像上的发力，算是安卓端的独一份了，不错。
6978,这几年vivo的旗舰影像手机没有让我失望，特别特别选了红色，好看又张扬，红色很是吸睛，影像模组是有点大，但是拍照出片真的很好，特别负片效果让我真是很喜欢。手机系统运行流畅，续航待机时间都不错，真是一部随手拍的V单。
6979,用过好几个vivo的手机了，感觉不错，尤其是影像这部分，，这次三个镜头很均衡，都是大底，各个焦段的画质都比较有保证，机身加入了拍照按键，操控比原来更方便 外形外观：不错，镜头确实凸起挺大，但还能接受 屏幕音效：效果不错 拍照效果：很好 运行速度：非常流畅 待机时间：6000毫安时电池续航应该不会差
6980,外形外观：好看，特别是红圈，很有摄影范 屏幕音效：屏幕很清晰，色彩调解丰富 拍照效果：拍照一流，尤其是长焦，拍照选项很多，慢慢研究 运行速度：速度快，偶尔有小卡顿 待机时间：待机时间还不错，充电也快 其他特色：和苹果设备传输方便，Ai功能强 以旧换新：吐槽这次的保值换新，蛮折腾的
6981,心心念念的vivo x200ultra终于到了，银色真的很显高级，质感非常好，拍照效果真的很绝，一键出片。之前给家人买的200mini pro家人用着也很棒，所以自己也想买个试试，拍照很出片，系统用着也很舒服，可玩性很高，继续摸索中
6982,直接冲的首发，手机到手满意。 屏幕音效：色准、显示效果很好。 拍照效果：成像很清晰，35mm焦段很好用，超长焦段非常好用、清晰。新升级的录像效果很好。 运行速度：系统很流畅，日程使用很好。 外形外观：拍照按键适合横屏拍照，外形有相机味。
6983,5.9号入手的，15号有货之后立马发货，客服态度很好，有问必答，16号到手的，送的光影礼盒里面三脚架质感不错，手机拍照更是没的说，妥妥&ldquo;V&rdquo;单，超广角用起来太爽了。 超声波指纹录入也是转一圈即可，非常方便，虽然镜头模组非常大，但是单手还是可以操作的，Origin OS用起来也是非常丝滑，nice！
6984,之前用的手机拍照功能很差，看到朋友用的vivo拍照非常好，在X200U发布后，第一时间就抢到了银调版。拿到真机后，外观非常漂亮，裸机手感很好，官方送的壳也是磨砂手感，不沾指纹。拍照效果意料之外的强，非常喜欢vivox200u的影像
6985,外形外观：非常好看，手感很棒 拍照效果：拍照很牛 运行速度：非常快，打游戏再也不卡了😎😎 待机时间：6000毫安的超大电池，轻松用一天！！！
6986,红色真的非常的好看啊，屏幕很好，微曲面屏手感和和直面屏差不多的，拍照也特别清楚，vivo老用户了，之前的手机用了将近5年都不卡，想提升一下拍照和视频就买了这个手机，非常值得购买
6987,这个手机我关注了很久，终于上线发布了。我也是很快就购买了。手机的颜值很高，用着很舒服，感觉这次的观感很像苹果，拍照也很好看。镜头的凸起，看着挺大，实际使用没有什么影响。非常满意，一如既往支持vivo。
6988,收货速度还是很快的，整个感觉是非常不错的，特别是人脸识别和指纹识别，非常的灵敏，然后因为这款手机注重于拍照嘛，能够拍出单反的效果，所以它的镜头会比较厚一些，看个人是否介意了，还赠送了这个八爪鱼的自拍神器，上面是补光灯，下面是可以放手机的，要研究研究才好用嗯，可能专业拍视频的人比较合适吧，普通人可能就不大需要了。
6989,手机拍照非常清楚打游戏也很流畅，充电又快 外形外观：手感也是在这些超大杯里面属于中等的 运行速度：手机不卡顿，运行速度比较快 待机时间：大电池待机也很久
6990,外形外观：红圈很有质感，黑红渐变的颜色。 屏幕音效：屏幕提升巨大，但是扬声器很拉垮。比iqoo 12pro还差 拍照效果：拍照效果很牛，风格独特。富士副片的效果很棒。但是长焦有待优化。 待机时间：亮屏时间大概能有8到10小时
6991,外形外观：相机模组是真的很凸，但是放进裤子口袋也不影响，冲着相机买的，可以克服 拍照效果：负片风格真的是很喜欢，支持高像素模式就更好了。不过负片不支持连拍，有点遗憾。另外实时预览的效果也很好，几乎所见即所得。从200pm换新的，拍照效果很满意。 运行速度：顶级配置了，流畅运行根本不是问题 待机时间：也很满意 其他特色：其他方面建议自行去体验
6992,外形外观：外观是我喜欢的，但是我更喜欢x90pro+的设计 屏幕音效：护眼还可以，音效的话跟之前手机差不多 拍照效果：非常好，直接出片 运行速度：快 待机时间：6000电池，非常不错
6993,发货很快，当天就到手了，颜色很好看，系统很丝滑，照相也听劝，没有100U算法介入的那么深，比较还原真实的美，真的很V单！还有就是负片滤镜不要太好看！
6994,外形外观：大气，比原来手机大好多！ 屏幕音效：很亮，声音大！ 拍照效果：拍照很出片，可以拍很远。 运行速度：丝滑，流畅。 待机时间：掉电量很慢，够用！
6995,这款手机的设计师是懂摄影的，定位正好是一个很好的补充、辅助的工具，系统里的选项选项简洁、特点鲜明，是帮助客户筛选过的，用起来会很提高效率~而且是我用过的手机里，第一个镜片带疏油层(或者镀膜)，不沾指纹、不沾水的~
6996,x200u的外观设计实在是让人爱不释手，质感受到银色光泽的加持，愈发显得耐看。拍照功能方面更是出色，成像效果一流，每一次快门按下都是对美好瞬间的完美捕捉。
6997,手机很好用，比现在用的苹果13pm轻一点，摄像头确实又大又厚，像素很高，系统也很流畅好用，指纹识别很好用，识别解锁很快，扫描功能也非常好用，非常值得
6998,质感很棒，值得拥有，拍照非常清晰，对比很多款手机，还是选择了它，值得拥有，摄像头突出非常个性，很多人担心其实带手机壳还好没那么突出得，喜欢🥰
6999,拍照效果满分，色彩很鲜艳，清晰度高。后面的摄像头突出的比较多，手机拿着分量感很足，长时间照相时手机温度高，其余时间都很好。系统完成度高，操作流畅，空间足，不用老删东西清内存了。
7000,以旧换新：买的保值服务，换新机很方便，这批保值服务得靠抢了。 外形外观：奥利奥的大镜头质感十足 拍照效果：拍照效果一顶一 待机时间：6000的大电池，待机时间希望可以惊艳一下 其他特色：拍照实体键更方便操作
7001,蔡司全焦段大师镜头：后置三摄（50MP主摄+50MP广角+200MP 潜望长焦），覆盖全场景拍摄，支持 105倍数字变焦 及 长焦舞台胶片 Live 人像，轻松捕捉远景细节与艺术人像 红色机身也很高级，之前一直都是白机党，这次换了新的颜色很满意
7002,手机超赞，6000毫安超大电池，拍照颜值高，各方面都很满意 通信音质:清晰 显示效果:清晰，手感比想象中薄很多，整体流畅度没的说，橘子系统依旧风采。老iQOO用户，为爱冲锋摄影旗舰一次，不会让人失望。很喜欢！
7003,之前一直用的苹果，但是也一直有在关注其他品牌，感觉都不如vivo的X200Ultra，直出的色彩不错，看着很讨喜。而且手感还特别好，感觉很轻薄，拿着一点也不累手。还有振动马达调教得也不错，震感很踏实，用得很舒服。音质也不错，放音乐的效果很不错。屏幕也很清晰，看起来很通透。系统用起来也是很流畅，一点都不卡顿，而且系统的壁纸也很好看。
7004,这款手机太酷啦，手机颜色好看，大气，拿在手上手感好，使用起来速度挺快，大电量不用天天充电挺好，照相效果也挺好，带广角有景深感，还有精美的礼盒，里面有很棒的手机支架。
7005,以旧换新：非常方便，保值换新很好用 运行速度：新的手机就是快，骁龙至尊版好评 拍照效果：还没怎么使用，但是感觉很不错，全焦段可以实况，自拍好像也有点意思🤔等待后续加强使用 外形外观：摄像头确实凸起，戴壳后手感还行，没有很难受
7006,这款手机真的让我惊喜连连! 拍照功能强本后 拍照功能也很多，色彩还原度高尚，特别 拍效果非常好，完全满足了我的虚荣心 问 幕清晰，操作也很方便，整体体验超赞!
7007,第一次购买vivo的旗舰机，体验挺好的。货源充足不需要拼手速抢，叠加消费券价格实惠，还可以24期免息。快递速度很快，到手握持手感还挺不错的，手指刚好卡住镜头，充满电基本可以用一整天，最舒服的是可以跟苹果互联，很适合双持党，看演唱会拍照也很给力，符合我的使用需求，好评。希望可以出一个高速率的充电宝，方便补能。
7008,赶在五一前收到了手机，试用了几天挺满意的。手机的质感很好，使用起来很顺手，这代的屏幕效果提升很大，长时间使用眼睛也没有疲劳感。影像效果一路既往的强，即便是摄影小白也能出好看的照片。
7009,挺不错的，好评推荐。 京东物流快，包装和服务没得说。 X200 Ultra这次还可以吧，拍照有特色，外观也特别。 充电一般，续航一般。 拍照很好，推荐。
7010,不错，一直心心念念要买的vivo x200u终于到货，手感很棒照相也不错，为了照相我出掉了之前买的vivo x200pro，就为了等这个新机，而且一到手就升级了系统，让相机系统更加优化了，所以一出片就觉得惊艳。
7011,28日晚显示发货，29日收到了。第一次用vivo的手机，感觉还不错。没有想象中的厚，手感还可以。暗红色低调了点，红圈不太明显。系统流畅，拍照很赞，特别是超长焦很清晰。人像摄影，风格等很有特色，负片风格很喜欢
7012,终于入手了Vivo X200 Ultra，还搭配了大师套装，真的太值了！以前拍照总觉得差点意思，现在有了它，随时随地都能拍出专业大片。大师套装里的手柄操作起来超顺手，按键布局合理，变焦、拍照、录像都能一键搞定，还能调节曝光，拍夜景也超清晰，完全满足我的创作需求，爱了爱了！
7013,给爸爸买的手机，他指定要红色，是真的很好看哦，功能什么的子女不在身边他不会用，去了附近的vivo专卖店，一次都帮忙装好了，很热心的店员。比较下来，这款拍照真的很强大，作为果粉都有点心动了。
7014,外形外观：红色很好看，光照下是渐变色的 屏幕音效：看着很通透，扬声器效果有点一般 拍照效果：杠杠的 运行速度：很流畅 待机时间：还可
7015,预计5.2送达，提前送到了速度很快。 外形外观：摄像头模组看起来大，但是握持手感非常好 拍照效果：灭霸影像果然名不虚传 运行速度：骁龙至尊快如闪电 待机时间：非常满意的续航
7016,外形外观：简洁好看，质感高级 屏幕音效：显示效果不错 拍照效果：不错不愧是影像第一 运行速度：很快 待机时间：从早到晚，一天一充
7017,苹果转vivo 做了些功课还是选择了这款新机 ，拿到手里很喜欢 镜头超大杯，拍远景比🍎真的强太多了 ，用着也很丝滑 ，不知道后期如何，打算作为主力机使用一下也可以提高拍照技术！现在唯一感受信号真不错！拍照也好看 国产越来越强大！
7018,拿到vivo X200 Ultra了，并且再次买了保值换新！ 老的X100 Ultra虽然有严重的边框磕碰，但还是按照购买价格的80%成功回收，没有额外加钱。这个真的很好。 X200 Ultra这代，屏幕终于不再是双曲面，屏幕这提升很大，舒服很多，手机也没有了多余的英文文字，质感也升级了，这次的几个配色也很好，从外在来看，比上代是更高端的。银色和红色很有设计感。我买的红色款，红色是深红色，红里透黑，系统流畅，拍照优秀，致敬一代神机X90 Pro+！
7019,手机非常好 又好看又流畅 很喜欢拍照功能 商家也很好 喜欢这款手机的推荐尝试一下 外形外观：好 运行速度：快
7020,外形外观：手感很好，没有想象中大，摄像头也不隔手，不过单手操作会麻烦一点 以旧换新：很方便，补贴很快到账单 运行速度：系统很流畅 待机时间：续航很满意，用了十个小时还有一半的电 拍照效果：拍照效果也很好
7021,作为手机，升级了很多，摄像头虽然突出很多，恰好可以拿食指撑住，终于可以解放我的小拇指了。横着打游戏还和商贷差不多。 屏幕:升级了形态，而且显示效果好于上代。 电池:都是供应链技术，谁也别说谁。比x100u好 影像:拍照键挺好用的，广角提升明显，别的没啥明显感知。 wifi信号也比上一代好了
7022,拍照很出片，很喜欢，十分推荐负片滤镜。手机配置也很好行，日常使用完全没有问题 运行速度：流畅 待机时间：不错
7023,手持x90pro+等了900天啊，终于等到一个符合自己要求的手机了，拍人像，拍照质量，设计感，还是得看vivo，能看出来vivo的设计思路非常先进，后拍照时代卷人像拍照到头了，这么早转型摄像，尤其是提升超广角镜头，思路很正确，屏幕看着很舒服，手机反应很快，不得不感慨我的90老了，开网页速度差距也太大了。
7024,vivo X200 Ultra 真挺不错的，外观大气、手感舒服，日常用起来特别顺，拍照清晰细腻，尤其夜景和人像效果很惊艳；打游戏也不卡不热，续航还挺给力，整体表现对得起旗舰的定位，适合对手机要求高的人入手。
7025,外形外观：外观大气，背面设计很有特色和辨识度，整机手感不错 屏幕音效：屏幕观感舒适通透，色彩饱满，可视角度不错 运行速度：系统流畅，功能丰富多样，自由度高 其他特色：物流快，服务好
7026,手机镜头表现超乎预期，无论是白天还是夜景，成像都清晰细腻，色彩还原度极高。人像模式虚化自然，美颜效果也很真实。操作界面简洁流畅，还有多种专业模式可玩。续航能力出色，出门拍照一整天都不用担心电量。
7027,屏幕对比 100u 明显进步了，瞎形容一下，更清晰水润，透了许多，屏幕曲度变小，这点很喜欢，拍摄健的加入，觉得更加方便自拍了，电量无明显感知。当然硕大的镜头，拍照视频更加强劲，这次通过保值换新购买，过程方便快捷。好评推荐
7028,第二台VIVO的手机，第一次买VIVO的旗舰，上一台是X100PRO，用着感觉还不错。继续买VIVO，拍照的颜色确实比老机器真实，处理速度也快，主要是视频参数很顶，续航还算满意。
7029,怎么说呢？这款手机真的很棒，自带原装手机壳，使用起来非常流畅。摄像头效果出色，暗光环境下表现尤为出色。以后可以参加线下演唱会，一部手机就能搞定所有需求，真的让人期待满满。
7030,啊啊啊 令人惊艳的后盖颜色和手感，冲着影像来的 原以为饼干摄像头手感会不好，没想到刚刚可以抵住手。拍照解析力超强，成像效果第一梯队，系统还是一如既往的安卓最强流畅度，超喜欢 超满意！
7031,外形外观：完美好看，屏幕超大，用着特别方便 拍照效果：贼顶，不愧是国产扛把子 运行速度：快 待机时间：中度手机用户，续航1天没问题
7032,外形外观：红色非常好看鲜艳 屏幕音效：屏幕2k屏幕非常满意 拍照效果：简直就是望远镜 运行速度：速度飞快 不卡 待机时间：不怎么使用电量充足 其他特色：红色真的好看
7033,期待很久了，比上一代超大杯手感好很多，红圈这个颜色真的挺好看的，屏幕观感也会更好，戴上手机壳有直屏的感觉，35mm主摄不错，对焦距离会比23mm的要远一些，14mm超广角拍视频真的很爽，长焦依旧无敌，充电续航都挺好的。
7034,外形外观：质感在线，银调版本后壳的设计非常好看！ 屏幕音效：2K屏显示效果精美，双扬声器音质也不错！ 拍照效果：拍照不用多说了，灭霸！ 待机时间：续航中规中矩，7个小时没问题。
7035,有瑕疵 开箱就有瑕疵
7036,真机质感很好，握持感也很不错，饼干头造型正好可以抵住食指，增加支撑。 屏幕看着很舒服，扬声器中规中矩，触控打音游也没毛病，日常续航也很长，旗舰体验没跑了。 重中之重的拍照录像就不用提了，好就完事了。
7037,从x90p开始每年都换vivo最新旗舰，只因vivo的人像和夜景太强了！作为摄影小白，出门游玩实在懒得带相机，之前买的相机基本上都是吃灰，日常拍照甚至旅游还是得手机主力。蔡司三主摄确实强悍，35mm人文镜头街拍随手出片。 等深微四曲屏幕观感比曲面屏舒服多了，还有这次终于用回超声波指纹了，直接秒解啊，之前用x90p的时候就羡慕x90p+的超声波指纹。
7038,手机使用了两天多了，影像系统非常强大。长焦非常好用，新的35mm镜头非常适合人文街拍，新的1/1.28英寸广角镜头让录像视频非常棒，振动马达的升级不错打字非常爽，下一代可以继续升级一下扬声器，增大马达。电池虽然有6000mah，但是续航还是不太够用。
7039,这是一款VIVO x200U的这款手机，颜色的话也有两三种，而且尺寸也刚刚好，非常的方便，就是摄像头模组比较大一点而已，用起来还是很不错的，而且拍照的话也可以包装，外观也比较精致
7040,实机比照片要好看很多，拍照效果极好，originos也很流畅，充电也很快，屏幕效果也很好，续航表现不错，强烈推荐
7041,终于入手vivo X200 Ultra啦！蔡司三大定焦镜头，而且焦段确实比较适合人文拍摄，虽然不是一英寸的底了，但是三主摄依旧能打。续航也很顶，6000mAh电池+90W快充。屏幕更是惊艳，色彩和刷新率都超棒，用起来太爽啦！
7042,外形外观：盖手感很好，宽度刚刚好，物理拍照键非常方便 拍照效果：很出片，操作便捷简单，人像和拍照模式的滤镜也不一样，实用 屏幕音效：屏幕可以智能调节色彩亮度，舒适不刺眼， 音效清晰，扬声器音效通透。
7043,首发就拿到了新机，已经贴好了膜好评，手残星人的福音！vivo京东保值换新服务真不错啊，直接完成回收旧机-提取新机很方便。拿到手上已经用了好几天，相机功能色彩的细节处理很赞。
7044,比华为X6略大，直角边框，微曲屏，手感分量十足，买的带手柄的套装，很好用。虽说相机感光器比上一代小，但是实际出片很棒，独立的快门键还是很方便，比iPhone好用，V厂的系统还是很不错的。
7045,35mm主摄非常适合有摄影经验的朋友，超广角试了下画质提升确实非常大。不过画质和35主摄还有一定差距估计是镜片质量不同：长焦hp9真的很香200mm以内完全可用，握持其实不错不要单看镜头觉得很厚，实际体感能接受
7046,初上手的第一感觉就是又轻又薄，颜值爆表，拍照效果很好，开机键指纹识别，相机很强，整体性能也挺不错的，电量也够。总体来说使用感受很不错，性价比很高，值得小伙伴儿入手。
7047,vivo X200 ultra，刚上就买了，用了几天果然不让人失望。 拍照功能真的很牛，不愧是演唱会手机。即使在高铁上拍窗外，镜头也一点不虚焦，拍的很清晰。拍照模式也有很多种，五一靠着它拍了很多好看的照片。 网速也很流畅（之前用的苹果，网速真的很拉），续航很强。很不错的体验
7048,手机质量，做工都非常好，拿在手上没有廉价的感觉，一看就是u，一直用vivo，都挺好的，之前换了个别的牌子用着没有vivo舒服，现在又换回来了
7049,手机拍照路上确实不错，拍的很好，也很稳，同时机身质感非常顶级，绝对是先机水准，唯一缺点是镜头膜五过于厚重，不过都是影像旗舰了，买这个的，应该都能接受整体来讲是很不错的体验系统也很好用
7050,心心念念终于收到了！之前用 X100U 这次改成了微曲屏～好评！屏幕观感也很舒适，拍照这次也算是剑走偏锋～我主要拍人拍景拍美食，所以还是很适合的😊已经推荐了好几个周围的朋友买了 vivo 手机～
7051,X100U用户升级X200U，体验是全方面提升的，手感和屏幕好太多了，拍摄体验下来超广角进步明显。6000mAh续航还不错，一天一充基本够用。 暗红色很有质感，比照片好看
7052,21号发布会上买的，29号收货，vivo X200 Ultra的拍照体验非常好，照片都是自动拍摄.操作简单照片质感效果非常喜欢.电池续航能力很让我喜欢，之前的手机一天要充几次的电，现在充一次可以用一整天，系统更新也很及时，真的大爱
7053,拍照效果：长焦效果很不错，夜景很好， 屏幕音效：屏幕清晰，不伤眼睛。 运行速度：很快高通8至尊版本。 待机时间：续航够用。
7054,x200ultra 今天到了，做工很精细，前屏 R 角好看。后摄模组升高，重心平衡，手感握持舒服。这一代最重要的变化是，从此以后没有主摄这一说，拍照只有焦段，不分主摄副摄了，都很强👍恰逢51，出去玩正好用上，时间刚刚好！
7055,选的红色 ，之前手机一直都是黑色和白色，这个红色真的很喜欢 ，拍照也很棒 特别是长焦微距，手机虽然镜头有点凸起，但是整个机器的手感很好，带上壳也不像220克的机器。拍照确实很不错，值得推荐的影像旗舰
7056,手机非常好， 外形外观：外观大气上档次，颜色好看 屏幕音效：屏幕很好，护眼音效不错，声音很大，比较满意。 拍照效果：拍照牛，灭霸 运行速度：快！！！！
7057,外形外观：感觉微曲的等深屏非常好看实用，背面纹路也更立体。 屏幕音效：进步很多，更好用更舒适了。 拍照效果：人像进步巨大，立体和皮肤质感有了巨大进步。 待机时间：待机依旧很好。 运行速度：流畅不卡顿。
7058,手机不用说了，看了发布后第一时间进行了购买。屏幕挺好的，观感更好。拍照是灭霸中的灭霸，颗颗都是主摄，好。更惊喜的是互传，20分钟左右把x100u上200多G的内容都完成了，换机更加容易。很满意。
7059,外观手感：比x200pro好很多，握持感好很多. 拍照效果：非常好，35mm就是好构图，长焦无敌 运行使用：系统很流畅，没有掉帧 屏幕音效：屏幕不错，比x200pro舒服 充电续航：充电速度还行，有待进步，续航刚用还不清楚，目测应该差不多中度一天信号通话：挺好的，满格
7060,是x100ultra换新的，这次的四微曲屏幕还是比较吸引我的，到手之后导了数据，用互传速度超快，之后体验了一下拍照和视频，视频比x100ultra提升很多，拍照相比100也多了负片滤镜，体验很好。经过几天的续航测试，续航比x100ultra好了很多
7061,1、x200ultra手机质感更好了，屏幕形态很完美，屏幕看起来舒服很多 2、x200ultra拍照提升很有限，提升很小。其实就超广角更强了，但是超广角实用性一般般 3、x200ultra外放音质反而更差了，这是我没想到的[黑线] 4、x200ultra整体更流畅 5、x200ultra机身比x100ultra很薄，但是镜头是真的厚
7062,这手机真的狠狠戳中我！出去玩随手拍都能出大片，夜景拍出来像加了滤镜一样绝，发朋友圈被狂问是不是换相机了！打游戏也超爽，团战一点都不卡，手机还不烫手。四面微曲屏摸起来超有质感，单手操作超顺手。而且电池巨耐用，早上满电出门，晚上回家还有不少电，充电也快，吃个饭的功夫又能满血复活！这波入股不亏，爱惨了！
7063,硕大的镜头模组很有专业感，手机屏幕看着也很舒服，2412mm最长数码变焦，Ai处理也很清晰，超广角也非常好，各焦段都很强！最强摄影机型！
7064,以旧换新：从100pro换过来的，手感很棒 外形外观：红圈直接吸引我了，红色好看 拍照效果：这次的影像灭霸级了 屏幕音效：2k屏幕很舒服 运行速度：16+1T很快，系统也很丝滑 待机时间：一天一充没问题
7065,很好，JD發貨迅速，包裝完好，沒有破損。本人舊有N20U屏幕已有綠線，正好需要攝影高質量的手機。Vivo果然如大家評價一樣，攝影影像已達手機最好水平，對於本人工作上需要大量不同情景拍攝十分到位。
7066,周末带新机爬山实测：长焦镜头拍远景超清晰，广角把整片花海装进画面。下山时还剩32%电量，开启超级省电模式坚持导航回家。侧边指纹秒解锁超方便，雨中屏幕触控依然灵敏，IP68防水果然靠谱！
7067,x系列忠实用户，这次x200的后背很有特色，正面也做成了纯平，直屏党太高兴了，机器性能没话说，拍照非常赞，维持了vivo的一贯水准，摄影套装一直没货，就等后续增距镜套装放货，再买一套增距镜了
7068,手机到货了， 外形外观：漂亮，很像相机 屏幕音效：2k 屏幕显示效果真好 拍照效果：拍照不用说了，一个字，强 运行速度：骁龙 8e 强的一批 待机时间：符合 6000 毫安时，中规中矩
7069,外形外观：很好看 很喜欢 屏幕音效：屏幕素质很高 很舒服 拍照效果：拍照那绝对是第一 特别好 很清晰很高级 运行速度：很快 很流畅 越用越喜欢
7070,物流好快！5月2发货，当天就拿到期待已久的X200ultra，银调很有质感，握持感很好，不打游戏镜头凸出也不是很隔手。 第二天就带去看演出啦，坐在二楼最后一排也能拍清楚，长焦真的强👍
7071,总体非常满意，听说屏幕抽奖，但是我这台是完美屏幕 外形外观：我推荐买银色，质感无敌，送的壳也不错不像之前买的手机送的基本都扔了
7072,拍照效果：就是为了拍照才买的X200U，长焦是真的强，比苹果强了不止一星半点 外形外观：大圆形的相机deco真的很突出，但是这才能显示出拍照的强大嘛，拍照杠杠的！
7073,相比上一代 x100u 的提升，最直观的感觉就是屏幕手感，握持感真的好了不少，而且确实比较薄。35mm 默认焦段也很符合我的拍照习惯，整体的设计感看上去很高级。带着壳的摄像头并不显得突兀，希望明年还能继续加购保值换新
7074,五一回来收到手机 目前体验很好，影像功能强大，屏幕也比想象中还不少。从ios转过来很多新功能还在摸索中，airpods的适配度很好，可以自由切换通透模式。
7075,以旧换新：80%保值换新很方便，几分钟就测试确认价格 外形外观：银白色好看，纹理特别 拍照效果：35mm人文相机，85mm适合人像 运行速度：最新的处理器
7076,外形外观：外观变化不是特别大，摄像头模组变大了，全面屏换成了等深微曲，我觉得微曲是比较完美的屏幕形态，侧边返回不会像直屏那样割手，曲面的弧度也没有曲面屏那么大。 以旧换新：保值换新买的不亏啊，上了1TB也只要两千。 屏幕音效：屏幕还是很通透的，不像之前的曲面屏那样泛绿光，显示效果也很好。看视频听歌音效都很棒 拍照效果：拍照效果不用说，顶配肯定是绝对的优秀，日常拍照，看演唱会都是非常够用 之前用了一年的vivo x100 ultra ，觉得橘子系统还是非常流畅的，满意，希望x200 ultra不让我失望。
7407,刚拆封就发现长焦镜头里面有两颗大灰尘，拍照有黑点。京东售后检测说是“工艺允许范围”，不给换新，气死！
7408,拍的黑Ka，发来银调。客服说没货了让我将就用，不然就退货，耽误我抢首发的时间。
7409,骁龙8 Elite是火龙吗？刷个抖音都温热，拍4K视频5分钟就烫手降亮度，夏天没法用。
7410,去vivo售后维修，店员说京东买的很多是资源机，官方售后可能拒保，买了个爹回来。
7411,低亮度下屏闪严重，看久了眼睛酸胀流泪，护眼模式形同虚设。
7412,Jovi经常唤不醒，或者误唤醒，执行指令错误百出。
7413,曲面屏贴膜全是白边，水凝膜手感差，钢化膜翘边，官方膜又贵又难买。
7414,手机有问题找京东，京东让找vivo售后，vivo售后说非官方渠道不保，两边踢皮球。
7415,手机离人稍远一点，收音效果就很差，环境音嘈杂，人声小。
7416,相机凸起太高，横屏打游戏食指没地方放，硌得生疼，设计反人类。
